plate,phone,email,entry_point,exit_point,entry_time,exit_time,speed_kmph,speed_limit_kmph
TX-OTW6814,+1-682-414-4216,txotw6814@yahoo.com,Staten Island Ferry,Manhattan Downtown,2025-11-27T13:00:00,2025-11-27T13:22:00,142.87,112.65
NY-WLW6201,+1-585-303-6962,nywlw6201@icloud.com,Lincoln Tunnel,Bronx Terminal Market,2025-11-27T07:45:00,2025-11-27T08:31:00,114.14,120.7
CA-ELE6136,+1-626-469-0315,caele6136@outlook.com,Queens Blvd,Brooklyn Bridge,2025-11-27T08:06:00,2025-11-27T08:52:00,134.18,128.75
TX-FPL5060,+1-254-248-9817,txfpl5060@icloud.com,Queens Blvd,George Washington Bridge,2025-11-27T20:07:00,2025-11-27T20:48:00,100.8,104.61
FL-DLX4934,+1-386-414-4964,fldlx4934@outlook.com,Wall Street,I-87 Exit 7A,2025-11-27T20:17:00,2025-11-27T20:41:00,112.73,96.56
FL-AZB1485,+1-786-241-3759,flazb1485@gmail.com,Queens Blvd,Wall Street,2025-11-27T16:09:00,2025-11-27T16:27:00,115.35,120.7
NY-NCG7612,+1-838-657-5822,nyncg7612@yahoo.com,I-95 Exit 15,Staten Island Ferry,2025-11-27T15:13:00,2025-11-27T15:40:00,85.16,96.56
CA-WLR9350,+1-559-863-8169,cawlr9350@yahoo.com,I-95 Exit 15,George Washington Bridge,2025-11-27T12:07:00,2025-11-27T12:46:00,158.57,128.75
CA-ESL9940,+1-818-402-5713,caesl9940@icloud.com,Queens Blvd,Brooklyn Bridge,2025-11-27T10:04:00,2025-11-27T10:41:00,66.7,80.47
CA-JTN8491,+1-559-332-4520,cajtn8491@icloud.com,Brooklyn Bridge,Bronx Terminal Market,2025-11-27T19:59:00,2025-11-27T20:39:00,134.39,104.61
CA-GIB4290,+1-650-555-7867,cagib4290@icloud.com,I-87 Exit 7A,Manhattan Downtown,2025-11-27T07:28:00,2025-11-27T07:38:00,116.93,104.61
FL-KGC4928,+1-863-791-0776,flkgc4928@gmail.com,Manhattan Downtown,Lincoln Tunnel,2025-11-27T15:36:00,2025-11-27T16:34:00,114.0,120.7
TX-NLL6212,+1-713-618-3378,txnll6212@outlook.com,Manhattan Downtown,Brooklyn Bridge,2025-11-27T07:27:00,2025-11-27T07:45:00,68.61,80.47
NY-FSG6008,+1-315-830-4640,nyfsg6008@yahoo.com,Wall Street,George Washington Bridge,2025-11-27T08:02:00,2025-11-27T08:30:00,81.86,96.56
FL-IVP1792,+1-772-261-6359,flivp1792@gmail.com,Times Square,Wall Street,2025-11-27T06:08:00,2025-11-27T06:40:00,80.88,104.61
TX-CUM7621,+1-806-437-5410,txcum7621@outlook.com,Bronx Terminal Market,Queens Blvd,2025-11-27T20:21:00,2025-11-27T21:12:00,109.32,96.56
FL-ESI6167,+1-689-638-3762,flesi6167@yahoo.com,Manhattan Downtown,Bronx Terminal Market,2025-11-27T08:34:00,2025-11-27T09:09:00,107.86,80.47
FL-AXO8362,+1-863-232-6395,flaxo8362@gmail.com,Bronx Terminal Market,Staten Island Ferry,2025-11-27T18:55:00,2025-11-27T19:30:00,149.06,120.7
FL-FPC7921,+1-321-434-4804,flfpc7921@outlook.com,Manhattan Downtown,I-87 Exit 7A,2025-11-27T12:34:00,2025-11-27T12:59:00,108.23,96.56
TX-JDU9644,+1-903-782-5741,txjdu9644@yahoo.com,Staten Island Ferry,George Washington Bridge,2025-11-27T19:51:00,2025-11-27T20:13:00,109.11,128.75
TX-ECJ4221,+1-254-385-3974,txecj4221@icloud.com,I-95 Exit 15,Manhattan Downtown,2025-11-27T14:33:00,2025-11-27T15:10:00,120.13,120.7
NY-RGO4706,+1-212-273-1051,nyrgo4706@yahoo.com,George Washington Bridge,Lincoln Tunnel,2025-11-27T07:25:00,2025-11-27T08:16:00,113.31,104.61
CA-QTO7211,+1-707-889-4074,caqto7211@outlook.com,Wall Street,Times Square,2025-11-27T14:18:00,2025-11-27T15:01:00,117.4,128.75
NJ-VDH4698,+1-609-497-0234,njvdh4698@icloud.com,Times Square,Lincoln Tunnel,2025-11-27T21:27:00,2025-11-27T21:56:00,96.8,104.61
NJ-SPX1933,+1-856-255-1649,njspx1933@outlook.com,Lincoln Tunnel,Staten Island Ferry,2025-11-27T21:04:00,2025-11-27T21:45:00,106.08,104.61
NJ-DWK9264,+1-732-681-3052,njdwk9264@yahoo.com,Bronx Terminal Market,George Washington Bridge,2025-11-27T13:19:00,2025-11-27T13:39:00,93.9,96.56
NJ-BCM1756,+1-640-900-9468,njbcm1756@gmail.com,I-87 Exit 7A,Staten Island Ferry,2025-11-27T16:50:00,2025-11-27T17:36:00,117.82,96.56
IL-SKX3546,+1-773-250-1383,ilskx3546@icloud.com,Times Square,Queens Blvd,2025-11-27T12:06:00,2025-11-27T12:24:00,132.67,104.61
NJ-MXE2644,+1-551-649-3228,adityakini7686@gmail.com,George Washington Bridge,I-95 Exit 15,2025-11-27T07:22:00,2025-11-27T08:21:00,144.35,128.75
CA-CCI5133,+1-661-806-1783,cacci5133@icloud.com,I-87 Exit 7A,Times Square,2025-11-27T17:46:00,2025-11-27T18:15:00,100.33,112.65
NY-KJT9404,+1-716-386-7568,nykjt9404@outlook.com,Queens Blvd,Wall Street,2025-11-27T13:21:00,2025-11-27T14:06:00,89.37,96.56
FL-WGS8504,+1-407-443-5742,flwgs8504@yahoo.com,Brooklyn Bridge,Bronx Terminal Market,2025-11-27T12:57:00,2025-11-27T13:35:00,144.28,128.75
NJ-DCE5265,+1-640-741-8482,njdce5265@outlook.com,Manhattan Downtown,I-95 Exit 15,2025-11-27T11:57:00,2025-11-27T12:39:00,110.87,104.61
NY-WPM1069,+1-315-500-1768,nywpm1069@yahoo.com,Wall Street,Staten Island Ferry,2025-11-27T10:03:00,2025-11-27T10:38:00,121.41,112.65
IL-ILP7429,+1-872-350-3303,ililp7429@yahoo.com,Bronx Terminal Market,Manhattan Downtown,2025-11-27T21:37:00,2025-11-27T22:36:00,130.39,112.65
TX-OCT6521,+1-726-491-5488,txoct6521@gmail.com,Times Square,Brooklyn Bridge,2025-11-27T15:10:00,2025-11-27T15:48:00,110.83,80.47
FL-YRW6914,+1-813-863-4752,flyrw6914@gmail.com,I-95 Exit 15,Lincoln Tunnel,2025-11-27T19:07:00,2025-11-27T19:20:00,92.71,104.61
NJ-LHV4372,+1-908-608-5678,njlhv4372@outlook.com,Lincoln Tunnel,Bronx Terminal Market,2025-11-27T14:08:00,2025-11-27T14:57:00,135.51,112.65
NY-AYQ8518,+1-680-823-6095,nyayq8518@gmail.com,Wall Street,Queens Blvd,2025-11-27T15:08:00,2025-11-27T16:05:00,93.95,104.61
CA-LYA1375,+1-415-788-8958,calya1375@yahoo.com,I-95 Exit 15,Times Square,2025-11-27T06:59:00,2025-11-27T07:43:00,117.39,120.7
IL-QAX4837,+1-464-802-1109,ilqax4837@icloud.com,I-95 Exit 15,Bronx Terminal Market,2025-11-27T19:15:00,2025-11-27T20:14:00,143.97,120.7
TX-ETO3716,+1-281-637-8979,txeto3716@outlook.com,Lincoln Tunnel,Bronx Terminal Market,2025-11-27T13:38:00,2025-11-27T14:22:00,148.32,128.75
TX-PJV8325,+1-806-776-3483,txpjv8325@yahoo.com,Bronx Terminal Market,Wall Street,2025-11-27T11:46:00,2025-11-27T12:00:00,156.84,128.75
CA-FDA8355,+1-424-532-0452,cafda8355@gmail.com,Bronx Terminal Market,George Washington Bridge,2025-11-27T11:37:00,2025-11-27T12:07:00,95.9,112.65
NY-FHC9209,+1-914-950-0437,nyfhc9209@icloud.com,I-95 Exit 15,Wall Street,2025-11-27T17:39:00,2025-11-27T18:32:00,108.05,128.75
NY-XBI3738,+1-332-999-9759,nyxbi3738@gmail.com,Times Square,Manhattan Downtown,2025-11-27T12:16:00,2025-11-27T13:07:00,64.72,80.47
IL-XXX9569,+1-815-961-2283,ilxxx9569@yahoo.com,Brooklyn Bridge,Manhattan Downtown,2025-11-27T09:54:00,2025-11-27T10:50:00,113.94,128.75
FL-SVN1597,+1-954-293-1617,flsvn1597@icloud.com,I-87 Exit 7A,George Washington Bridge,2025-11-27T15:42:00,2025-11-27T16:35:00,130.56,128.75
NY-DJH1233,+1-631-219-7425,nydjh1233@yahoo.com,I-95 Exit 15,I-87 Exit 7A,2025-11-27T16:14:00,2025-11-27T16:29:00,145.85,120.7
IL-LSG1488,+1-815-200-9664,illsg1488@gmail.com,Queens Blvd,George Washington Bridge,2025-11-27T13:34:00,2025-11-27T13:48:00,138.51,120.7
NY-SWT8933,+1-845-280-5998,nyswt8933@yahoo.com,Bronx Terminal Market,Manhattan Downtown,2025-11-27T22:29:00,2025-11-27T23:23:00,75.61,96.56
NJ-UAI2282,+1-973-755-6578,njuai2282@outlook.com,Lincoln Tunnel,George Washington Bridge,2025-11-27T18:49:00,2025-11-27T19:09:00,80.5,96.56
FL-RXH3672,+1-561-901-5261,flrxh3672@icloud.com,Manhattan Downtown,George Washington Bridge,2025-11-27T18:40:00,2025-11-27T18:55:00,105.97,128.75
NJ-XWN9905,+1-551-542-0610,njxwn9905@icloud.com,Wall Street,George Washington Bridge,2025-11-27T20:49:00,2025-11-27T21:16:00,93.43,80.47
CA-DYU6259,+1-650-298-6645,cadyu6259@yahoo.com,I-95 Exit 15,Times Square,2025-11-27T18:48:00,2025-11-27T19:40:00,157.89,128.75
TX-BZR4418,+1-726-447-5255,txbzr4418@gmail.com,Bronx Terminal Market,Queens Blvd,2025-11-27T11:35:00,2025-11-27T12:30:00,147.41,120.7
IL-LZN8888,+1-447-958-3946,illzn8888@gmail.com,Wall Street,Times Square,2025-11-27T22:27:00,2025-11-27T23:17:00,90.34,112.65
IL-JWE7768,+1-447-264-6746,iljwe7768@gmail.com,Staten Island Ferry,George Washington Bridge,2025-11-27T09:41:00,2025-11-27T10:21:00,110.27,112.65
FL-AMV1763,+1-448-698-5620,flamv1763@yahoo.com,Staten Island Ferry,Wall Street,2025-11-27T21:30:00,2025-11-27T22:18:00,94.7,96.56
TX-QGW4868,+1-325-257-8366,txqgw4868@gmail.com,Times Square,I-87 Exit 7A,2025-11-27T21:58:00,2025-11-27T22:09:00,109.45,80.47
CA-ZWL3435,+1-562-662-0369,cazwl3435@gmail.com,Brooklyn Bridge,Lincoln Tunnel,2025-11-27T19:20:00,2025-11-27T19:41:00,85.1,96.56
TX-SDU8283,+1-430-880-1314,txsdu8283@gmail.com,Manhattan Downtown,Bronx Terminal Market,2025-11-27T08:05:00,2025-11-27T08:21:00,122.57,112.65
IL-HLQ2970,+1-464-814-3586,ilhlq2970@yahoo.com,Times Square,Brooklyn Bridge,2025-11-27T08:27:00,2025-11-27T09:26:00,93.82,96.56
NY-GZE1386,+1-631-927-9972,nygze1386@gmail.com,I-95 Exit 15,Times Square,2025-11-27T13:42:00,2025-11-27T14:01:00,121.46,104.61
NJ-OMD5982,+1-732-665-3987,njomd5982@icloud.com,Queens Blvd,I-95 Exit 15,2025-11-27T07:33:00,2025-11-27T08:12:00,61.85,80.47
CA-SCZ8322,+1-619-872-4139,cascz8322@yahoo.com,I-95 Exit 15,Staten Island Ferry,2025-11-27T20:19:00,2025-11-27T21:14:00,111.38,104.61
IL-NGT7992,+1-447-564-4434,ilngt7992@icloud.com,Queens Blvd,Wall Street,2025-11-27T06:45:00,2025-11-27T07:37:00,64.06,80.47
FL-FOL4717,+1-727-714-6752,flfol4717@gmail.com,Brooklyn Bridge,Queens Blvd,2025-11-27T06:24:00,2025-11-27T07:18:00,105.01,120.7
TX-ZLD9300,+1-682-706-7777,txzld9300@yahoo.com,Manhattan Downtown,Brooklyn Bridge,2025-11-27T22:03:00,2025-11-27T22:20:00,98.48,120.7
TX-POY3097,+1-409-560-0207,txpoy3097@outlook.com,Manhattan Downtown,George Washington Bridge,2025-11-27T19:47:00,2025-11-27T20:15:00,106.83,104.61
TX-LSS5121,+1-832-335-1755,txlss5121@outlook.com,Brooklyn Bridge,I-87 Exit 7A,2025-11-27T07:26:00,2025-11-27T07:36:00,158.98,128.75
TX-KOL3305,+1-830-234-6969,txkol3305@outlook.com,I-87 Exit 7A,Brooklyn Bridge,2025-11-27T17:39:00,2025-11-27T18:38:00,117.9,120.7
NY-LMW9882,+1-929-732-2795,nylmw9882@icloud.com,Queens Blvd,Lincoln Tunnel,2025-11-27T09:34:00,2025-11-27T10:22:00,105.61,80.47
NJ-UBV2357,+1-848-728-8370,njubv2357@yahoo.com,Manhattan Downtown,Brooklyn Bridge,2025-11-27T19:14:00,2025-11-27T20:03:00,120.23,128.75
TX-UGB8827,+1-806-333-4281,txugb8827@outlook.com,Queens Blvd,Staten Island Ferry,2025-11-27T16:29:00,2025-11-27T17:25:00,108.38,80.47
FL-BWT3926,+1-904-618-6586,flbwt3926@gmail.com,Lincoln Tunnel,Staten Island Ferry,2025-11-27T22:54:00,2025-11-27T23:20:00,139.31,120.7
NY-WJD3132,+1-929-578-4020,nywjd3132@gmail.com,I-95 Exit 15,Brooklyn Bridge,2025-11-27T21:12:00,2025-11-27T22:09:00,112.55,120.7
FL-LSI7306,+1-954-792-6653,fllsi7306@yahoo.com,Queens Blvd,Lincoln Tunnel,2025-11-27T15:29:00,2025-11-27T15:55:00,112.61,104.61
IL-VQV5604,+1-773-864-1612,ilvqv5604@yahoo.com,Manhattan Downtown,Staten Island Ferry,2025-11-27T17:17:00,2025-11-27T18:14:00,111.52,128.75
IL-SMJ4566,+1-224-577-4913,ilsmj4566@gmail.com,Wall Street,Manhattan Downtown,2025-11-27T19:38:00,2025-11-27T19:50:00,119.96,120.7
IL-HRX6224,+1-331-519-6661,ilhrx6224@yahoo.com,I-87 Exit 7A,Manhattan Downtown,2025-11-27T12:46:00,2025-11-27T13:44:00,88.87,96.56
NJ-FCE6063,+1-640-919-0581,njfce6063@icloud.com,Brooklyn Bridge,Lincoln Tunnel,2025-11-27T14:52:00,2025-11-27T15:14:00,86.94,96.56
CA-SJH7659,+1-559-829-5230,casjh7659@icloud.com,Brooklyn Bridge,Times Square,2025-11-27T14:39:00,2025-11-27T14:54:00,126.15,104.61
NJ-SCK7326,+1-908-568-2801,njsck7326@yahoo.com,Manhattan Downtown,Times Square,2025-11-27T17:13:00,2025-11-27T17:51:00,149.83,128.75
CA-WKF3398,+1-858-652-2386,cawkf3398@yahoo.com,George Washington Bridge,Wall Street,2025-11-27T21:26:00,2025-11-27T22:04:00,75.33,96.56
CA-HTP3273,+1-714-248-5400,cahtp3273@outlook.com,Bronx Terminal Market,Queens Blvd,2025-11-27T12:30:00,2025-11-27T12:46:00,73.87,80.47
TX-POW7474,+1-830-994-4384,txpow7474@icloud.com,Brooklyn Bridge,Manhattan Downtown,2025-11-27T19:28:00,2025-11-27T19:49:00,142.7,120.7
FL-KZY3500,+1-863-918-9968,flkzy3500@outlook.com,I-95 Exit 15,Wall Street,2025-11-27T14:55:00,2025-11-27T15:47:00,95.69,112.65
NJ-BPJ2947,+1-856-535-6123,njbpj2947@outlook.com,Manhattan Downtown,I-95 Exit 15,2025-11-27T20:42:00,2025-11-27T21:33:00,128.73,96.56
NJ-JHJ1724,+1-973-843-2599,njjhj1724@gmail.com,Bronx Terminal Market,Brooklyn Bridge,2025-11-27T18:42:00,2025-11-27T18:57:00,136.37,120.7
FL-QYM2839,+1-904-730-6027,flqym2839@yahoo.com,Staten Island Ferry,George Washington Bridge,2025-11-27T15:37:00,2025-11-27T16:08:00,90.14,80.47
NJ-MVZ8275,+1-609-294-4623,njmvz8275@outlook.com,I-87 Exit 7A,Lincoln Tunnel,2025-11-27T12:55:00,2025-11-27T13:48:00,142.94,112.65
IL-WKO7718,+1-309-529-7250,ilwko7718@gmail.com,Lincoln Tunnel,Brooklyn Bridge,2025-11-27T06:50:00,2025-11-27T07:23:00,72.43,80.47
CA-ASN5252,+1-310-737-5700,caasn5252@icloud.com,Brooklyn Bridge,Queens Blvd,2025-11-27T15:28:00,2025-11-27T16:00:00,160.1,128.75
TX-QBS4809,+1-409-420-4208,txqbs4809@icloud.com,Brooklyn Bridge,Times Square,2025-11-27T16:58:00,2025-11-27T17:14:00,154.19,128.75
IL-LRU1699,+1-618-517-3366,illru1699@yahoo.com,Bronx Terminal Market,Staten Island Ferry,2025-11-27T09:13:00,2025-11-27T09:24:00,106.99,96.56
IL-XZC9312,+1-309-304-3861,ilxzc9312@yahoo.com,Manhattan Downtown,Bronx Terminal Market,2025-11-27T12:16:00,2025-11-27T13:12:00,125.11,112.65
CA-NED8473,+1-424-953-5290,caned8473@yahoo.com,I-87 Exit 7A,I-95 Exit 15,2025-11-27T07:44:00,2025-11-27T08:18:00,78.18,80.47
NJ-UPF1138,+1-640-614-3392,njupf1138@yahoo.com,Manhattan Downtown,Lincoln Tunnel,2025-11-27T21:56:00,2025-11-27T22:50:00,115.42,104.61
FL-NKM6994,+1-863-755-8653,flnkm6994@outlook.com,I-87 Exit 7A,Queens Blvd,2025-11-27T20:44:00,2025-11-27T21:12:00,140.21,128.75
CA-MLJ8900,+1-650-701-4920,camlj8900@outlook.com,Brooklyn Bridge,Queens Blvd,2025-11-27T08:18:00,2025-11-27T09:13:00,144.69,112.65
NY-IXQ2892,+1-646-845-7739,nyixq2892@icloud.com,Queens Blvd,I-87 Exit 7A,2025-11-27T09:18:00,2025-11-27T09:48:00,111.76,104.61
CA-HGD3187,+1-562-670-2659,cahgd3187@yahoo.com,Bronx Terminal Market,Lincoln Tunnel,2025-11-27T17:13:00,2025-11-27T17:25:00,116.65,128.75
IL-DTM6720,+1-847-921-0986,ildtm6720@yahoo.com,Times Square,Queens Blvd,2025-11-27T20:16:00,2025-11-27T21:13:00,100.8,112.65
NY-SDH8037,+1-607-403-5686,nysdh8037@icloud.com,Brooklyn Bridge,Queens Blvd,2025-11-27T21:01:00,2025-11-27T21:43:00,111.35,120.7
CA-KKC6290,+1-747-211-2508,cakkc6290@yahoo.com,Queens Blvd,Wall Street,2025-11-27T14:41:00,2025-11-27T15:37:00,128.15,104.61
CA-CMV9709,+1-858-717-3970,cacmv9709@icloud.com,George Washington Bridge,Manhattan Downtown,2025-11-27T16:33:00,2025-11-27T17:20:00,125.28,120.7
CA-KOC3589,+1-213-912-3195,cakoc3589@gmail.com,Bronx Terminal Market,I-87 Exit 7A,2025-11-27T16:34:00,2025-11-27T17:05:00,141.83,120.7
NY-HQI3047,+1-585-401-8536,nyhqi3047@gmail.com,I-87 Exit 7A,I-95 Exit 15,2025-11-27T21:55:00,2025-11-27T22:27:00,107.69,104.61
TX-GTO2075,+1-737-330-0865,txgto2075@gmail.com,George Washington Bridge,Queens Blvd,2025-11-27T13:47:00,2025-11-27T14:09:00,100.85,120.7
IL-ROR9456,+1-312-249-3833,ilror9456@icloud.com,Lincoln Tunnel,Brooklyn Bridge,2025-11-27T11:18:00,2025-11-27T11:29:00,125.15,112.65
FL-FUH3314,+1-863-391-3624,flfuh3314@outlook.com,Times Square,Queens Blvd,2025-11-27T09:35:00,2025-11-27T10:26:00,126.74,96.56
TX-EMH1970,+1-832-474-9067,txemh1970@outlook.com,Wall Street,I-87 Exit 7A,2025-11-27T14:28:00,2025-11-27T14:50:00,153.1,128.75
TX-UYQ1134,+1-430-844-8362,txuyq1134@icloud.com,Manhattan Downtown,Times Square,2025-11-27T13:42:00,2025-11-27T14:12:00,89.53,112.65
FL-NOY9447,+1-305-511-8442,flnoy9447@outlook.com,Lincoln Tunnel,Brooklyn Bridge,2025-11-27T17:04:00,2025-11-27T17:32:00,125.09,120.7
NY-UZM8670,+1-212-407-5137,nyuzm8670@yahoo.com,George Washington Bridge,Brooklyn Bridge,2025-11-27T17:28:00,2025-11-27T18:26:00,97.91,96.56
FL-QDW6053,+1-954-462-8032,flqdw6053@yahoo.com,Manhattan Downtown,I-95 Exit 15,2025-11-27T17:17:00,2025-11-27T17:54:00,96.69,120.7
CA-XKA5702,+1-714-610-0265,caxka5702@outlook.com,Manhattan Downtown,Lincoln Tunnel,2025-11-27T16:49:00,2025-11-27T17:40:00,80.93,104.61
TX-GTI2387,+1-346-399-6956,txgti2387@gmail.com,Queens Blvd,Lincoln Tunnel,2025-11-27T14:14:00,2025-11-27T14:30:00,96.22,96.56
IL-GHA7413,+1-773-558-3838,ilgha7413@yahoo.com,Wall Street,Brooklyn Bridge,2025-11-27T11:30:00,2025-11-27T12:20:00,81.27,80.47
NJ-IQV5542,+1-732-694-5021,njiqv5542@gmail.com,Bronx Terminal Market,Staten Island Ferry,2025-11-27T14:04:00,2025-11-27T14:36:00,127.25,112.65
FL-SNP9098,+1-727-531-7298,flsnp9098@gmail.com,Brooklyn Bridge,I-87 Exit 7A,2025-11-27T21:04:00,2025-11-27T21:15:00,86.19,96.56
IL-LJO8373,+1-224-656-8377,illjo8373@icloud.com,Bronx Terminal Market,Wall Street,2025-11-27T16:59:00,2025-11-27T17:32:00,114.39,96.56
NY-SLY3286,+1-716-692-3688,nysly3286@icloud.com,I-95 Exit 15,Wall Street,2025-11-27T17:33:00,2025-11-27T18:06:00,139.57,112.65
IL-QOM4899,+1-464-780-1320,ilqom4899@icloud.com,Wall Street,I-87 Exit 7A,2025-11-27T08:45:00,2025-11-27T09:32:00,136.75,112.65
IL-DHC6723,+1-708-711-2056,ildhc6723@gmail.com,Brooklyn Bridge,George Washington Bridge,2025-11-27T14:23:00,2025-11-27T15:03:00,118.46,96.56
CA-LNY6001,+1-650-234-8374,calny6001@icloud.com,Lincoln Tunnel,Brooklyn Bridge,2025-11-27T09:27:00,2025-11-27T10:24:00,127.55,96.56
IL-KCL5488,+1-708-984-6889,ilkcl5488@yahoo.com,Bronx Terminal Market,Queens Blvd,2025-11-27T14:53:00,2025-11-27T15:52:00,63.92,80.47
FL-QVN8505,+1-786-268-5421,flqvn8505@icloud.com,Bronx Terminal Market,I-95 Exit 15,2025-11-27T22:34:00,2025-11-27T23:26:00,121.77,128.75
TX-QEE9169,+1-682-917-1924,txqee9169@outlook.com,Manhattan Downtown,George Washington Bridge,2025-11-27T07:42:00,2025-11-27T08:23:00,95.32,96.56
IL-UZI7540,+1-779-384-2779,iluzi7540@yahoo.com,George Washington Bridge,Brooklyn Bridge,2025-11-27T22:29:00,2025-11-27T22:57:00,136.63,128.75
CA-JUV7186,+1-213-220-9766,cajuv7186@outlook.com,Brooklyn Bridge,Times Square,2025-11-27T13:38:00,2025-11-27T14:25:00,112.63,96.56
TX-HPD1162,+1-903-730-7228,txhpd1162@icloud.com,Queens Blvd,Times Square,2025-11-27T21:17:00,2025-11-27T21:35:00,80.62,96.56
CA-JPI2302,+1-562-347-6623,cajpi2302@yahoo.com,Queens Blvd,Staten Island Ferry,2025-11-27T12:06:00,2025-11-27T12:30:00,115.59,96.56
IL-SWN6517,+1-618-340-0744,ilswn6517@outlook.com,I-95 Exit 15,George Washington Bridge,2025-11-27T06:03:00,2025-11-27T06:46:00,128.69,128.75
CA-FBY1837,+1-818-321-9808,cafby1837@outlook.com,Times Square,Wall Street,2025-11-27T10:56:00,2025-11-27T11:08:00,110.2,104.61
TX-ZRK8346,+1-903-411-4026,txzrk8346@outlook.com,I-87 Exit 7A,I-95 Exit 15,2025-11-27T22:19:00,2025-11-27T23:10:00,103.5,104.61
IL-VEZ4700,+1-309-992-5527,ilvez4700@outlook.com,Brooklyn Bridge,Queens Blvd,2025-11-27T11:07:00,2025-11-27T11:35:00,60.93,80.47
TX-FNI4384,+1-817-509-6323,txfni4384@gmail.com,I-87 Exit 7A,Staten Island Ferry,2025-11-27T09:52:00,2025-11-27T10:27:00,94.14,80.47
CA-LHS4701,+1-650-367-2112,calhs4701@icloud.com,Wall Street,Brooklyn Bridge,2025-11-27T08:52:00,2025-11-27T09:12:00,105.83,120.7
CA-FEH6870,+1-415-634-3981,cafeh6870@gmail.com,Manhattan Downtown,Staten Island Ferry,2025-11-27T15:34:00,2025-11-27T16:12:00,87.39,104.61
NY-PIK5769,+1-332-941-7320,nypik5769@yahoo.com,Manhattan Downtown,Queens Blvd,2025-11-27T15:17:00,2025-11-27T15:28:00,130.98,104.61
TX-FIK3225,+1-512-297-6729,txfik3225@gmail.com,George Washington Bridge,Lincoln Tunnel,2025-11-27T18:12:00,2025-11-27T18:23:00,120.97,104.61
FL-KTY5684,+1-772-898-0538,flkty5684@yahoo.com,Lincoln Tunnel,George Washington Bridge,2025-11-27T11:14:00,2025-11-27T12:10:00,109.18,80.47
TX-QVM7972,+1-830-295-0230,txqvm7972@outlook.com,Staten Island Ferry,Queens Blvd,2025-11-27T10:42:00,2025-11-27T11:39:00,96.62,120.7
NY-SVP7293,+1-716-757-6426,nysvp7293@yahoo.com,Lincoln Tunnel,I-95 Exit 15,2025-11-27T12:48:00,2025-11-27T13:39:00,102.68,104.61
TX-WLK7081,+1-281-617-3096,txwlk7081@outlook.com,Staten Island Ferry,Wall Street,2025-11-27T09:54:00,2025-11-27T10:33:00,160.52,128.75
CA-HCK3322,+1-209-636-3569,cahck3322@yahoo.com,I-95 Exit 15,Times Square,2025-11-27T21:08:00,2025-11-27T22:06:00,117.08,112.65
IL-WHQ3606,+1-217-606-7261,ilwhq3606@gmail.com,Queens Blvd,I-95 Exit 15,2025-11-27T06:28:00,2025-11-27T07:10:00,127.19,96.56
CA-EFE9895,+1-559-995-1938,caefe9895@outlook.com,Lincoln Tunnel,Wall Street,2025-11-27T11:41:00,2025-11-27T12:34:00,106.61,96.56
TX-LCH8477,+1-806-628-5561,txlch8477@icloud.com,Bronx Terminal Market,Times Square,2025-11-27T20:11:00,2025-11-27T21:02:00,105.37,120.7
TX-TYS8169,+1-325-370-9130,txtys8169@icloud.com,Brooklyn Bridge,I-87 Exit 7A,2025-11-27T15:21:00,2025-11-27T16:02:00,149.87,128.75
CA-IVW4201,+1-714-387-5401,caivw4201@gmail.com,Staten Island Ferry,Manhattan Downtown,2025-11-27T10:25:00,2025-11-27T11:16:00,135.71,128.75
TX-LGH2316,+1-726-779-1815,txlgh2316@gmail.com,Staten Island Ferry,Bronx Terminal Market,2025-11-27T07:45:00,2025-11-27T08:25:00,129.54,128.75
NY-VQD7990,+1-646-570-8249,nyvqd7990@outlook.com,I-87 Exit 7A,I-95 Exit 15,2025-11-27T13:05:00,2025-11-27T13:52:00,123.56,120.7
TX-MMP4695,+1-254-936-0433,txmmp4695@yahoo.com,George Washington Bridge,I-95 Exit 15,2025-11-27T07:54:00,2025-11-27T08:36:00,102.92,120.7
CA-IUD2200,+1-424-524-7270,caiud2200@outlook.com,I-95 Exit 15,Brooklyn Bridge,2025-11-27T10:40:00,2025-11-27T11:23:00,91.29,96.56
IL-JNP3540,+1-309-696-8958,iljnp3540@gmail.com,I-87 Exit 7A,Bronx Terminal Market,2025-11-27T13:03:00,2025-11-27T13:58:00,118.16,104.61
CA-ZGQ1727,+1-424-363-4971,cazgq1727@yahoo.com,Manhattan Downtown,Staten Island Ferry,2025-11-27T15:01:00,2025-11-27T15:55:00,67.96,80.47
NY-JFD8303,+1-718-749-6024,nyjfd8303@outlook.com,Queens Blvd,Staten Island Ferry,2025-11-27T18:46:00,2025-11-27T19:18:00,67.9,80.47
TX-MTB4059,+1-214-661-4019,txmtb4059@gmail.com,Lincoln Tunnel,George Washington Bridge,2025-11-27T08:54:00,2025-11-27T09:35:00,112.03,112.65
FL-EWV7792,+1-305-352-2309,flewv7792@outlook.com,I-95 Exit 15,Lincoln Tunnel,2025-11-27T08:40:00,2025-11-27T09:35:00,122.62,104.61
CA-GSF3148,+1-909-747-0107,cagsf3148@gmail.com,Queens Blvd,Lincoln Tunnel,2025-11-27T20:52:00,2025-11-27T21:46:00,83.47,80.47
TX-ELK6599,+1-682-905-9340,txelk6599@icloud.com,Queens Blvd,Lincoln Tunnel,2025-11-27T15:40:00,2025-11-27T15:56:00,116.45,128.75
NJ-LQP7843,+1-848-502-2116,njlqp7843@icloud.com,Queens Blvd,I-95 Exit 15,2025-11-27T13:54:00,2025-11-27T14:27:00,126.23,96.56
NY-ELU3647,+1-332-640-2929,nyelu3647@gmail.com,Wall Street,I-87 Exit 7A,2025-11-27T08:50:00,2025-11-27T09:46:00,103.37,96.56
NY-KLX7697,+1-516-632-2632,nyklx7697@gmail.com,Queens Blvd,I-95 Exit 15,2025-11-27T21:43:00,2025-11-27T22:06:00,102.27,104.61
FL-JBP9315,+1-954-743-7016,fljbp9315@yahoo.com,Staten Island Ferry,Manhattan Downtown,2025-11-27T13:31:00,2025-11-27T14:02:00,72.94,80.47
CA-YBK4384,+1-559-266-8597,caybk4384@yahoo.com,Lincoln Tunnel,Times Square,2025-11-27T09:40:00,2025-11-27T10:37:00,102.37,120.7
TX-XSB8849,+1-817-569-4334,txxsb8849@outlook.com,Wall Street,I-87 Exit 7A,2025-11-27T18:52:00,2025-11-27T19:37:00,114.76,120.7
IL-BCU9344,+1-773-567-8032,ilbcu9344@icloud.com,Bronx Terminal Market,Queens Blvd,2025-11-27T22:48:00,2025-11-27T23:40:00,102.23,80.47
NJ-YQW9016,+1-908-981-5230,njyqw9016@gmail.com,I-87 Exit 7A,Queens Blvd,2025-11-27T11:53:00,2025-11-27T12:08:00,70.54,80.47
NJ-GBT6515,+1-732-297-4118,njgbt6515@gmail.com,Lincoln Tunnel,George Washington Bridge,2025-11-27T07:37:00,2025-11-27T07:47:00,94.42,112.65
NY-FAO2953,+1-646-316-9215,nyfao2953@outlook.com,Manhattan Downtown,Lincoln Tunnel,2025-11-27T21:45:00,2025-11-27T22:24:00,115.63,120.7
NJ-TOL8511,+1-609-890-6197,njtol8511@outlook.com,I-87 Exit 7A,Staten Island Ferry,2025-11-27T14:10:00,2025-11-27T14:57:00,101.81,80.47
IL-MEK6207,+1-447-898-2986,ilmek6207@gmail.com,Queens Blvd,Times Square,2025-11-27T16:48:00,2025-11-27T16:58:00,114.19,128.75
TX-PHT9453,+1-737-414-6448,txpht9453@outlook.com,I-95 Exit 15,Brooklyn Bridge,2025-11-27T09:29:00,2025-11-27T09:47:00,111.17,120.7
TX-KOC9932,+1-361-263-8331,txkoc9932@yahoo.com,Brooklyn Bridge,Staten Island Ferry,2025-11-27T09:29:00,2025-11-27T10:22:00,81.85,80.47
FL-HPR8955,+1-386-224-9849,flhpr8955@icloud.com,Wall Street,I-87 Exit 7A,2025-11-27T09:43:00,2025-11-27T10:05:00,111.66,104.61
NJ-PMN4220,+1-201-388-2048,njpmn4220@outlook.com,Wall Street,Bronx Terminal Market,2025-11-27T18:12:00,2025-11-27T18:50:00,155.71,128.75
NY-HTO3873,+1-332-340-0431,nyhto3873@yahoo.com,I-87 Exit 7A,Bronx Terminal Market,2025-11-27T21:20:00,2025-11-27T22:01:00,66.87,80.47
FL-UPG1691,+1-386-654-9251,flupg1691@icloud.com,I-95 Exit 15,Times Square,2025-11-27T21:35:00,2025-11-27T21:53:00,127.14,128.75
NY-LGW2671,+1-631-348-0628,nylgw2671@outlook.com,Queens Blvd,Staten Island Ferry,2025-11-27T16:10:00,2025-11-27T16:34:00,107.81,120.7
NY-RXV9186,+1-718-861-3116,nyrxv9186@yahoo.com,Queens Blvd,Lincoln Tunnel,2025-11-27T15:41:00,2025-11-27T15:51:00,93.82,80.47
IL-SAC6489,+1-464-936-8133,ilsac6489@yahoo.com,Wall Street,Bronx Terminal Market,2025-11-27T07:08:00,2025-11-27T08:00:00,123.0,96.56
NY-KUX8884,+1-332-609-2585,nykux8884@icloud.com,Wall Street,Lincoln Tunnel,2025-11-27T16:40:00,2025-11-27T17:25:00,104.03,96.56
CA-ZQN1332,+1-559-269-6652,cazqn1332@yahoo.com,I-87 Exit 7A,Staten Island Ferry,2025-11-27T10:11:00,2025-11-27T10:58:00,88.71,112.65
NJ-HAZ5091,+1-609-941-9273,njhaz5091@gmail.com,Brooklyn Bridge,Lincoln Tunnel,2025-11-27T10:45:00,2025-11-27T11:05:00,117.14,104.61
FL-KHP3287,+1-407-953-1978,flkhp3287@gmail.com,Staten Island Ferry,Queens Blvd,2025-11-27T18:29:00,2025-11-27T19:18:00,83.44,104.61
IL-TTV8602,+1-312-572-8854,ilttv8602@gmail.com,Times Square,Staten Island Ferry,2025-11-27T21:59:00,2025-11-27T22:27:00,114.45,104.61
NY-JLG4853,+1-315-364-5004,nyjlg4853@outlook.com,Queens Blvd,Lincoln Tunnel,2025-11-27T07:41:00,2025-11-27T07:52:00,119.17,104.61
FL-XJX1673,+1-448-589-0306,flxjx1673@icloud.com,Brooklyn Bridge,Manhattan Downtown,2025-11-27T18:01:00,2025-11-27T18:49:00,75.46,96.56
IL-FRW4623,+1-464-640-6322,ilfrw4623@yahoo.com,Wall Street,I-95 Exit 15,2025-11-27T20:11:00,2025-11-27T20:22:00,145.25,128.75
NY-QAU2738,+1-518-811-1134,nyqau2738@outlook.com,Wall Street,Queens Blvd,2025-11-27T18:38:00,2025-11-27T19:35:00,107.37,120.7
CA-ROW3947,+1-510-773-6946,carow3947@yahoo.com,Queens Blvd,George Washington Bridge,2025-11-27T06:57:00,2025-11-27T07:49:00,146.01,128.75
NY-COT7512,+1-516-315-9122,nycot7512@outlook.com,Brooklyn Bridge,George Washington Bridge,2025-11-27T18:26:00,2025-11-27T18:49:00,113.1,112.65
TX-ZAE8142,+1-512-766-0083,txzae8142@icloud.com,I-87 Exit 7A,I-95 Exit 15,2025-11-27T09:39:00,2025-11-27T10:35:00,131.78,120.7
NJ-JXP5256,+1-908-858-9224,njjxp5256@icloud.com,Lincoln Tunnel,Bronx Terminal Market,2025-11-27T19:35:00,2025-11-27T20:20:00,115.51,128.75
NY-ZQS8214,+1-917-633-1632,nyzqs8214@outlook.com,I-95 Exit 15,Queens Blvd,2025-11-27T15:04:00,2025-11-27T15:37:00,158.21,128.75
FL-YTG8966,+1-448-636-1201,flytg8966@yahoo.com,I-87 Exit 7A,Manhattan Downtown,2025-11-27T11:36:00,2025-11-27T12:19:00,88.09,104.61
IL-KHX2621,+1-773-961-4606,ilkhx2621@gmail.com,Manhattan Downtown,I-87 Exit 7A,2025-11-27T06:42:00,2025-11-27T07:04:00,156.57,128.75
FL-LVK8712,+1-904-793-7997,fllvk8712@yahoo.com,Times Square,Brooklyn Bridge,2025-11-27T17:50:00,2025-11-27T18:20:00,61.39,80.47
NJ-JMM2112,+1-640-379-9102,njjmm2112@gmail.com,I-95 Exit 15,George Washington Bridge,2025-11-27T10:49:00,2025-11-27T11:22:00,97.67,112.65
NY-NWQ6453,+1-646-595-0172,nynwq6453@outlook.com,Times Square,I-95 Exit 15,2025-11-27T22:10:00,2025-11-27T22:23:00,127.58,104.61
FL-EZK2742,+1-954-281-2738,flezk2742@gmail.com,Brooklyn Bridge,George Washington Bridge,2025-11-27T06:07:00,2025-11-27T06:22:00,121.06,128.75
NJ-XSO2866,+1-609-867-8573,njxso2866@yahoo.com,Manhattan Downtown,I-95 Exit 15,2025-11-27T19:06:00,2025-11-27T19:47:00,105.27,120.7
NJ-TVP5682,+1-551-766-9620,njtvp5682@gmail.com,Times Square,George Washington Bridge,2025-11-27T11:23:00,2025-11-27T11:48:00,107.98,80.47
IL-STW8711,+1-618-752-6409,ilstw8711@outlook.com,I-87 Exit 7A,Bronx Terminal Market,2025-11-27T20:27:00,2025-11-27T21:19:00,116.72,112.65
TX-UTP3094,+1-726-592-9146,txutp3094@icloud.com,I-87 Exit 7A,Queens Blvd,2025-11-27T08:22:00,2025-11-27T08:53:00,96.54,96.56
FL-QGD7300,+1-941-347-3646,flqgd7300@yahoo.com,Times Square,Lincoln Tunnel,2025-11-27T08:12:00,2025-11-27T09:10:00,132.62,112.65
IL-WKB9529,+1-464-646-9078,ilwkb9529@icloud.com,Bronx Terminal Market,Manhattan Downtown,2025-11-27T18:59:00,2025-11-27T19:24:00,115.99,112.65
IL-BPP8899,+1-618-878-5449,ilbpp8899@yahoo.com,Queens Blvd,George Washington Bridge,2025-11-27T21:55:00,2025-11-27T22:19:00,113.39,128.75
NJ-RWV7442,+1-856-752-3510,njrwv7442@gmail.com,Staten Island Ferry,George Washington Bridge,2025-11-27T13:33:00,2025-11-27T14:31:00,78.92,80.47
NJ-HNR9943,+1-732-671-4704,njhnr9943@icloud.com,George Washington Bridge,Lincoln Tunnel,2025-11-27T06:53:00,2025-11-27T07:35:00,76.06,80.47
NY-NUT8854,+1-631-525-5943,nynut8854@icloud.com,Times Square,I-87 Exit 7A,2025-11-27T19:26:00,2025-11-27T20:20:00,99.38,80.47
TX-MPF4244,+1-682-443-4380,txmpf4244@icloud.com,Brooklyn Bridge,I-87 Exit 7A,2025-11-27T21:25:00,2025-11-27T22:06:00,133.12,128.75
CA-VMS7193,+1-442-286-6343,cavms7193@outlook.com,Staten Island Ferry,Times Square,2025-11-27T17:41:00,2025-11-27T18:30:00,157.21,128.75
NY-IDW5372,+1-838-980-9910,nyidw5372@yahoo.com,I-87 Exit 7A,Queens Blvd,2025-11-27T18:37:00,2025-11-27T19:01:00,152.6,128.75
IL-ZHD3485,+1-847-687-2849,ilzhd3485@yahoo.com,Manhattan Downtown,I-95 Exit 15,2025-11-27T09:38:00,2025-11-27T09:53:00,109.58,112.65
NJ-OVL9099,+1-973-489-8517,njovl9099@icloud.com,Bronx Terminal Market,I-87 Exit 7A,2025-11-27T11:10:00,2025-11-27T12:02:00,84.1,80.47
NJ-MJM1776,+1-908-889-4582,njmjm1776@yahoo.com,George Washington Bridge,Bronx Terminal Market,2025-11-27T14:36:00,2025-11-27T15:23:00,104.87,112.65
NY-ZTB4751,+1-518-583-7119,nyztb4751@gmail.com,Lincoln Tunnel,Bronx Terminal Market,2025-11-27T17:33:00,2025-11-27T18:04:00,83.9,80.47
NJ-VHO2612,+1-551-436-2575,njvho2612@outlook.com,Bronx Terminal Market,Staten Island Ferry,2025-11-27T14:59:00,2025-11-27T15:59:00,127.0,112.65
IL-MMI3879,+1-630-253-1377,ilmmi3879@gmail.com,Staten Island Ferry,Times Square,2025-11-27T12:21:00,2025-11-27T13:02:00,115.78,96.56
NJ-EBQ5462,+1-201-545-5776,njebq5462@outlook.com,Bronx Terminal Market,Queens Blvd,2025-11-27T07:49:00,2025-11-27T08:18:00,123.65,112.65
NJ-DZM2178,+1-856-959-3715,njdzm2178@gmail.com,Wall Street,Lincoln Tunnel,2025-11-27T19:00:00,2025-11-27T19:27:00,135.88,128.75
CA-DBJ6359,+1-650-997-2530,cadbj6359@gmail.com,Bronx Terminal Market,Wall Street,2025-11-27T10:07:00,2025-11-27T10:55:00,70.26,80.47
IL-GAR2917,+1-630-230-7508,ilgar2917@yahoo.com,Lincoln Tunnel,Brooklyn Bridge,2025-11-27T20:18:00,2025-11-27T21:02:00,126.82,104.61
IL-PWF6919,+1-847-228-7289,ilpwf6919@yahoo.com,Wall Street,I-95 Exit 15,2025-11-27T08:54:00,2025-11-27T09:53:00,80.13,80.47
NJ-OSU1830,+1-551-851-1150,njosu1830@outlook.com,Times Square,George Washington Bridge,2025-11-27T16:17:00,2025-11-27T17:13:00,149.66,120.7
CA-ZSD9614,+1-562-872-0585,cazsd9614@outlook.com,Queens Blvd,Wall Street,2025-11-27T09:04:00,2025-11-27T09:43:00,114.27,96.56
FL-ULG5134,+1-786-878-0633,flulg5134@outlook.com,Wall Street,I-87 Exit 7A,2025-11-27T19:12:00,2025-11-27T19:36:00,116.83,120.7
NJ-ZZP9631,+1-856-397-5362,njzzp9631@gmail.com,Queens Blvd,Staten Island Ferry,2025-11-27T22:01:00,2025-11-27T22:43:00,76.22,80.47
NY-KRJ5885,+1-845-680-7727,nykrj5885@yahoo.com,Wall Street,George Washington Bridge,2025-11-27T09:40:00,2025-11-27T10:40:00,102.06,112.65
FL-UFT3677,+1-786-731-8733,fluft3677@gmail.com,George Washington Bridge,Wall Street,2025-11-27T22:00:00,2025-11-27T22:13:00,59.6,80.47
FL-FTA5377,+1-727-917-9747,flfta5377@outlook.com,Bronx Terminal Market,I-87 Exit 7A,2025-11-27T21:10:00,2025-11-27T21:52:00,100.57,80.47
NY-SPK8022,+1-929-418-4749,nyspk8022@gmail.com,Lincoln Tunnel,Times Square,2025-11-27T17:05:00,2025-11-27T17:26:00,111.12,80.47
NY-CBV4964,+1-585-991-9084,nycbv4964@outlook.com,Manhattan Downtown,Bronx Terminal Market,2025-11-27T12:23:00,2025-11-27T12:57:00,93.79,112.65
CA-UIN3867,+1-707-680-2045,cauin3867@yahoo.com,George Washington Bridge,Queens Blvd,2025-11-27T17:37:00,2025-11-27T18:02:00,124.49,96.56
IL-BMU8914,+1-815-848-0741,ilbmu8914@yahoo.com,Times Square,Queens Blvd,2025-11-27T08:53:00,2025-11-27T09:20:00,112.03,120.7
NJ-QWY1900,+1-609-230-7894,njqwy1900@icloud.com,Queens Blvd,Wall Street,2025-11-27T12:16:00,2025-11-27T12:31:00,130.73,120.7
IL-JJQ3640,+1-464-807-7256,iljjq3640@yahoo.com,Staten Island Ferry,Queens Blvd,2025-11-27T06:36:00,2025-11-27T07:16:00,151.75,120.7
FL-JIC6543,+1-386-445-1181,fljic6543@outlook.com,Staten Island Ferry,Manhattan Downtown,2025-11-27T13:38:00,2025-11-27T14:08:00,102.79,80.47
NJ-CBJ3307,+1-848-520-9387,njcbj3307@gmail.com,Times Square,Lincoln Tunnel,2025-11-27T17:08:00,2025-11-27T17:21:00,67.86,80.47
NY-WFU2665,+1-332-915-3686,nywfu2665@gmail.com,Staten Island Ferry,Times Square,2025-11-27T09:32:00,2025-11-27T10:29:00,115.9,128.75
FL-FWH1636,+1-727-510-3818,flfwh1636@outlook.com,Staten Island Ferry,Wall Street,2025-11-27T08:57:00,2025-11-27T09:31:00,108.44,104.61
NJ-WAS7227,+1-862-622-6604,njwas7227@yahoo.com,I-87 Exit 7A,Queens Blvd,2025-11-27T12:19:00,2025-11-27T12:44:00,139.08,128.75
IL-WJW7363,+1-779-219-4318,ilwjw7363@icloud.com,Manhattan Downtown,Brooklyn Bridge,2025-11-27T08:42:00,2025-11-27T09:30:00,116.06,96.56
CA-OCV5359,+1-858-204-2103,caocv5359@gmail.com,Times Square,Wall Street,2025-11-27T19:13:00,2025-11-27T19:47:00,121.91,104.61
CA-NHA8033,+1-626-561-9370,canha8033@gmail.com,Lincoln Tunnel,Times Square,2025-11-27T10:21:00,2025-11-27T11:06:00,120.51,128.75
CA-FJB1107,+1-424-793-1483,cafjb1107@icloud.com,Staten Island Ferry,Bronx Terminal Market,2025-11-27T20:38:00,2025-11-27T21:06:00,110.18,112.65
CA-VBB5385,+1-714-390-9135,cavbb5385@yahoo.com,George Washington Bridge,Staten Island Ferry,2025-11-27T19:11:00,2025-11-27T19:55:00,160.53,128.75
NJ-MOU5382,+1-973-295-4904,njmou5382@gmail.com,Wall Street,Lincoln Tunnel,2025-11-27T19:54:00,2025-11-27T20:44:00,109.4,96.56
CA-LHA9556,+1-626-606-4932,calha9556@yahoo.com,Queens Blvd,Wall Street,2025-11-27T11:08:00,2025-11-27T11:52:00,122.26,104.61
TX-GOR4423,+1-832-787-0424,txgor4423@outlook.com,Lincoln Tunnel,Brooklyn Bridge,2025-11-27T11:02:00,2025-11-27T12:00:00,107.69,80.47
IL-YWD8975,+1-312-322-0316,ilywd8975@icloud.com,I-87 Exit 7A,Times Square,2025-11-27T11:23:00,2025-11-27T12:04:00,127.9,120.7
NY-LFF8572,+1-845-988-0524,nylff8572@icloud.com,Times Square,Bronx Terminal Market,2025-11-27T22:51:00,2025-11-27T23:43:00,106.99,80.47
FL-HMY9631,+1-954-849-1822,flhmy9631@outlook.com,Wall Street,Staten Island Ferry,2025-11-27T10:42:00,2025-11-27T11:31:00,98.16,112.65
NY-IIB8835,+1-585-656-4295,nyiib8835@outlook.com,Brooklyn Bridge,Wall Street,2025-11-27T09:53:00,2025-11-27T10:49:00,123.97,120.7
IL-JXH3946,+1-618-209-1569,iljxh3946@icloud.com,George Washington Bridge,Brooklyn Bridge,2025-11-27T07:25:00,2025-11-27T07:50:00,100.1,80.47
IL-VPC4887,+1-464-568-8851,ilvpc4887@icloud.com,Queens Blvd,George Washington Bridge,2025-11-27T11:13:00,2025-11-27T11:38:00,108.21,80.47
IL-KMT5386,+1-309-599-4013,ilkmt5386@icloud.com,Manhattan Downtown,Bronx Terminal Market,2025-11-27T11:41:00,2025-11-27T12:37:00,74.34,80.47
NY-VNL9700,+1-838-424-9318,nyvnl9700@icloud.com,Queens Blvd,Wall Street,2025-11-27T10:05:00,2025-11-27T10:56:00,128.45,128.75
FL-RLZ3003,+1-727-699-8712,flrlz3003@gmail.com,Bronx Terminal Market,Queens Blvd,2025-11-27T20:52:00,2025-11-27T21:42:00,129.71,112.65
TX-PMW7500,+1-254-747-9901,txpmw7500@icloud.com,Times Square,George Washington Bridge,2025-11-27T12:04:00,2025-11-27T12:16:00,90.55,104.61
NY-HFP7576,+1-315-202-6559,nyhfp7576@outlook.com,I-95 Exit 15,Staten Island Ferry,2025-11-27T15:23:00,2025-11-27T15:45:00,96.51,96.56
FL-JTX6061,+1-727-300-6870,fljtx6061@icloud.com,I-95 Exit 15,George Washington Bridge,2025-11-27T22:24:00,2025-11-27T22:35:00,158.66,128.75
NJ-ZKI6715,+1-908-781-2029,njzki6715@outlook.com,Wall Street,I-95 Exit 15,2025-11-27T06:33:00,2025-11-27T07:10:00,112.84,96.56
CA-PZB7395,+1-747-449-0554,capzb7395@gmail.com,I-87 Exit 7A,Times Square,2025-11-27T14:21:00,2025-11-27T15:13:00,90.96,96.56
IL-UAN1056,+1-447-890-1276,iluan1056@icloud.com,I-95 Exit 15,Manhattan Downtown,2025-11-27T06:17:00,2025-11-27T06:45:00,100.15,120.7
FL-XLL2953,+1-904-432-1421,flxll2953@gmail.com,I-87 Exit 7A,Wall Street,2025-11-27T11:04:00,2025-11-27T11:58:00,121.02,128.75
IL-GSN4605,+1-773-570-0026,ilgsn4605@yahoo.com,Queens Blvd,I-87 Exit 7A,2025-11-27T22:11:00,2025-11-27T22:27:00,117.08,96.56
TX-GZV3242,+1-512-395-1050,txgzv3242@icloud.com,Lincoln Tunnel,Manhattan Downtown,2025-11-27T19:40:00,2025-11-27T20:22:00,106.29,96.56
FL-SMQ9575,+1-954-526-3489,flsmq9575@icloud.com,George Washington Bridge,Wall Street,2025-11-27T13:23:00,2025-11-27T13:58:00,126.95,120.7
IL-QEN2764,+1-217-758-5796,ilqen2764@icloud.com,Manhattan Downtown,I-87 Exit 7A,2025-11-27T10:52:00,2025-11-27T11:44:00,133.58,120.7
CA-HRD5294,+1-858-964-2530,cahrd5294@gmail.com,Staten Island Ferry,Manhattan Downtown,2025-11-27T17:38:00,2025-11-27T18:37:00,93.33,112.65
TX-RVR9994,+1-469-934-4272,txrvr9994@outlook.com,Wall Street,Lincoln Tunnel,2025-11-27T14:01:00,2025-11-27T14:35:00,57.68,80.47
FL-SEL5865,+1-352-319-0939,flsel5865@yahoo.com,I-87 Exit 7A,Wall Street,2025-11-27T20:29:00,2025-11-27T21:14:00,118.71,104.61
FL-WGU9748,+1-561-924-7220,flwgu9748@icloud.com,Times Square,Staten Island Ferry,2025-11-27T15:14:00,2025-11-27T16:12:00,130.74,104.61
NY-VLL9937,+1-518-480-4477,nyvll9937@yahoo.com,Staten Island Ferry,I-95 Exit 15,2025-11-27T18:57:00,2025-11-27T19:38:00,93.59,96.56
IL-MHQ2115,+1-447-720-1017,ilmhq2115@icloud.com,Lincoln Tunnel,Manhattan Downtown,2025-11-27T18:35:00,2025-11-27T19:33:00,82.15,104.61
IL-POL1318,+1-872-532-8099,ilpol1318@icloud.com,Queens Blvd,Manhattan Downtown,2025-11-27T13:07:00,2025-11-27T13:26:00,83.41,96.56
TX-CGT5641,+1-210-317-7567,txcgt5641@yahoo.com,Manhattan Downtown,I-87 Exit 7A,2025-11-27T20:07:00,2025-11-27T20:54:00,79.23,96.56
IL-MYP8429,+1-779-268-3455,ilmyp8429@gmail.com,I-95 Exit 15,Lincoln Tunnel,2025-11-27T12:07:00,2025-11-27T12:24:00,99.8,104.61
IL-YIV5078,+1-312-237-1348,ilyiv5078@outlook.com,Lincoln Tunnel,Staten Island Ferry,2025-11-27T13:20:00,2025-11-27T14:09:00,94.63,96.56
TX-TSJ9657,+1-469-904-6408,txtsj9657@outlook.com,Bronx Terminal Market,Times Square,2025-11-27T15:43:00,2025-11-27T16:23:00,103.56,120.7
FL-PLM1300,+1-754-829-0167,flplm1300@yahoo.com,Queens Blvd,I-87 Exit 7A,2025-11-27T20:40:00,2025-11-27T21:09:00,106.71,96.56
NJ-LRQ9148,+1-856-340-8353,njlrq9148@outlook.com,Brooklyn Bridge,Manhattan Downtown,2025-11-27T21:59:00,2025-11-27T22:32:00,74.97,80.47
IL-MCH4495,+1-224-971-0780,ilmch4495@outlook.com,Staten Island Ferry,Wall Street,2025-11-27T13:25:00,2025-11-27T14:21:00,60.76,80.47
CA-HNX6773,+1-415-439-8244,cahnx6773@outlook.com,I-95 Exit 15,Manhattan Downtown,2025-11-27T13:37:00,2025-11-27T14:33:00,98.92,80.47
IL-MRB6219,+1-815-411-8950,ilmrb6219@gmail.com,I-87 Exit 7A,Queens Blvd,2025-11-27T22:48:00,2025-11-27T23:26:00,100.47,80.47
NJ-WEG4403,+1-640-742-5054,njweg4403@outlook.com,Bronx Terminal Market,I-95 Exit 15,2025-11-27T14:41:00,2025-11-27T15:25:00,134.04,120.7
FL-QOE1589,+1-386-947-5606,flqoe1589@gmail.com,George Washington Bridge,Manhattan Downtown,2025-11-27T14:11:00,2025-11-27T14:42:00,94.21,112.65
NY-DRA7459,+1-607-799-0787,nydra7459@icloud.com,I-87 Exit 7A,Brooklyn Bridge,2025-11-27T08:38:00,2025-11-27T09:13:00,87.18,96.56
NY-KJG8055,+1-929-557-6999,nykjg8055@gmail.com,Bronx Terminal Market,Lincoln Tunnel,2025-11-27T17:51:00,2025-11-27T18:03:00,107.17,112.65
IL-POE5070,+1-618-318-1460,ilpoe5070@gmail.com,Brooklyn Bridge,Lincoln Tunnel,2025-11-27T06:35:00,2025-11-27T06:59:00,134.83,104.61
FL-AQC5122,+1-863-559-7442,flaqc5122@outlook.com,I-95 Exit 15,Queens Blvd,2025-11-27T09:33:00,2025-11-27T10:32:00,94.57,80.47
FL-RSQ6421,+1-727-542-1122,flrsq6421@outlook.com,Queens Blvd,Wall Street,2025-11-27T20:25:00,2025-11-27T21:06:00,128.11,120.7
CA-EJW5799,+1-510-884-1498,caejw5799@outlook.com,Wall Street,George Washington Bridge,2025-11-27T21:53:00,2025-11-27T22:09:00,77.95,80.47
FL-NKE6994,+1-786-323-8663,flnke6994@yahoo.com,Wall Street,Staten Island Ferry,2025-11-27T12:07:00,2025-11-27T12:22:00,125.1,112.65
NY-HZM5417,+1-845-807-7309,nyhzm5417@gmail.com,I-95 Exit 15,Staten Island Ferry,2025-11-27T09:52:00,2025-11-27T10:13:00,92.77,104.61
TX-PEN7963,+1-210-383-5343,txpen7963@gmail.com,George Washington Bridge,Manhattan Downtown,2025-11-27T12:57:00,2025-11-27T13:20:00,118.93,128.75
TX-AGE5268,+1-325-711-5070,txage5268@outlook.com,Wall Street,Staten Island Ferry,2025-11-27T11:53:00,2025-11-27T12:25:00,81.55,80.47
CA-ESZ5116,+1-619-930-8125,caesz5116@icloud.com,Lincoln Tunnel,Bronx Terminal Market,2025-11-27T14:31:00,2025-11-27T15:21:00,110.94,80.47
IL-DRD5204,+1-872-853-0888,ildrd5204@outlook.com,Lincoln Tunnel,Manhattan Downtown,2025-11-27T14:45:00,2025-11-27T15:11:00,143.7,120.7
NJ-BWA7434,+1-848-449-3424,njbwa7434@icloud.com,Lincoln Tunnel,Times Square,2025-11-27T19:21:00,2025-11-27T20:06:00,100.37,112.65
NJ-AFQ8398,+1-908-268-3000,njafq8398@yahoo.com,Staten Island Ferry,Bronx Terminal Market,2025-11-27T06:28:00,2025-11-27T07:24:00,123.89,128.75
IL-LQD8827,+1-312-447-8993,illqd8827@icloud.com,Lincoln Tunnel,Staten Island Ferry,2025-11-27T06:29:00,2025-11-27T06:58:00,106.38,120.7
FL-WQD2416,+1-813-281-0132,flwqd2416@yahoo.com,Bronx Terminal Market,George Washington Bridge,2025-11-27T07:27:00,2025-11-27T08:03:00,106.19,96.56
FL-NUH7729,+1-954-402-2238,flnuh7729@yahoo.com,George Washington Bridge,I-95 Exit 15,2025-11-27T22:48:00,2025-11-27T23:42:00,109.73,80.47
CA-FJK4883,+1-310-407-6115,cafjk4883@yahoo.com,Wall Street,George Washington Bridge,2025-11-27T16:11:00,2025-11-27T17:03:00,90.82,96.56
FL-XMR7205,+1-954-614-4553,flxmr7205@gmail.com,Queens Blvd,Wall Street,2025-11-27T16:53:00,2025-11-27T17:12:00,86.37,96.56
NJ-RRK6443,+1-201-554-3576,njrrk6443@yahoo.com,Wall Street,Queens Blvd,2025-11-27T16:55:00,2025-11-27T17:44:00,99.23,104.61
NY-RYI7918,+1-607-411-5955,nyryi7918@icloud.com,Times Square,George Washington Bridge,2025-11-27T06:37:00,2025-11-27T07:12:00,107.09,104.61
TX-SRD8478,+1-713-426-5999,txsrd8478@yahoo.com,I-95 Exit 15,Manhattan Downtown,2025-11-27T14:01:00,2025-11-27T14:20:00,107.58,80.47
IL-VRZ7604,+1-464-791-4684,ilvrz7604@outlook.com,Bronx Terminal Market,Queens Blvd,2025-11-27T09:37:00,2025-11-27T10:07:00,132.32,112.65
CA-CNP5080,+1-661-658-8121,cacnp5080@gmail.com,Bronx Terminal Market,Lincoln Tunnel,2025-11-27T09:29:00,2025-11-27T10:08:00,93.89,96.56
NY-WWV5250,+1-646-642-4198,nywwv5250@icloud.com,I-87 Exit 7A,Lincoln Tunnel,2025-11-27T19:17:00,2025-11-27T20:05:00,110.46,96.56
NJ-BNT5150,+1-908-345-9470,njbnt5150@icloud.com,Staten Island Ferry,Wall Street,2025-11-27T14:54:00,2025-11-27T15:32:00,86.71,80.47
TX-LME1723,+1-254-830-6770,txlme1723@gmail.com,Brooklyn Bridge,Queens Blvd,2025-11-27T16:59:00,2025-11-27T17:56:00,106.46,104.61
NJ-FEO6944,+1-640-221-0945,njfeo6944@icloud.com,Lincoln Tunnel,Manhattan Downtown,2025-11-27T18:56:00,2025-11-27T19:22:00,114.86,112.65
NY-QZY1773,+1-315-958-2630,nyqzy1773@yahoo.com,Lincoln Tunnel,Times Square,2025-11-27T06:51:00,2025-11-27T07:39:00,107.23,80.47
CA-GMB4465,+1-858-508-5284,cagmb4465@yahoo.com,Lincoln Tunnel,George Washington Bridge,2025-11-27T13:54:00,2025-11-27T14:28:00,101.56,80.47
IL-FJK9831,+1-815-871-6542,ilfjk9831@gmail.com,Brooklyn Bridge,I-87 Exit 7A,2025-11-27T10:13:00,2025-11-27T11:12:00,91.52,112.65
NY-SVG3874,+1-585-750-1901,nysvg3874@gmail.com,I-95 Exit 15,Bronx Terminal Market,2025-11-27T21:13:00,2025-11-27T22:07:00,83.55,104.61
FL-UIT8034,+1-305-796-8353,fluit8034@yahoo.com,Lincoln Tunnel,I-87 Exit 7A,2025-11-27T09:29:00,2025-11-27T10:26:00,96.48,80.47
IL-VTE6392,+1-773-742-2203,ilvte6392@gmail.com,I-87 Exit 7A,Brooklyn Bridge,2025-11-27T09:30:00,2025-11-27T10:22:00,86.81,96.56
NJ-KID9242,+1-908-401-7318,njkid9242@icloud.com,Manhattan Downtown,Times Square,2025-11-27T08:46:00,2025-11-27T09:45:00,95.61,96.56
NJ-JHN7790,+1-908-400-1068,njjhn7790@yahoo.com,Queens Blvd,George Washington Bridge,2025-11-27T12:44:00,2025-11-27T13:36:00,96.9,112.65
CA-UWZ7919,+1-747-485-1872,cauwz7919@icloud.com,George Washington Bridge,Manhattan Downtown,2025-11-27T07:36:00,2025-11-27T07:56:00,120.16,104.61
IL-JBI8949,+1-331-471-5357,iljbi8949@yahoo.com,Lincoln Tunnel,Manhattan Downtown,2025-11-27T11:17:00,2025-11-27T11:53:00,140.77,128.75
NJ-YTZ3484,+1-973-664-8893,njytz3484@outlook.com,Manhattan Downtown,Lincoln Tunnel,2025-11-27T22:18:00,2025-11-27T22:41:00,124.01,112.65
TX-EIK2413,+1-409-929-5726,txeik2413@gmail.com,Wall Street,I-95 Exit 15,2025-11-27T16:00:00,2025-11-27T16:36:00,121.87,120.7
IL-IAQ3060,+1-815-991-9512,iliaq3060@outlook.com,Times Square,I-87 Exit 7A,2025-11-27T17:49:00,2025-11-27T18:24:00,78.45,80.47
CA-ZGA9713,+1-657-804-3940,cazga9713@outlook.com,Brooklyn Bridge,I-87 Exit 7A,2025-11-27T06:55:00,2025-11-27T07:55:00,141.95,112.65
CA-RQF5998,+1-310-597-4779,carqf5998@outlook.com,Manhattan Downtown,Queens Blvd,2025-11-27T13:10:00,2025-11-27T13:57:00,113.73,128.75
IL-YTX4189,+1-779-603-8103,ilytx4189@gmail.com,Staten Island Ferry,Bronx Terminal Market,2025-11-27T15:39:00,2025-11-27T15:50:00,112.0,96.56
FL-APW7691,+1-863-244-0674,flapw7691@icloud.com,Wall Street,Brooklyn Bridge,2025-11-27T06:04:00,2025-11-27T06:30:00,83.33,104.61
TX-EYI5974,+1-830-230-9762,txeyi5974@icloud.com,Times Square,Queens Blvd,2025-11-27T20:13:00,2025-11-27T21:01:00,78.43,96.56
IL-DHD3937,+1-217-374-1278,ildhd3937@gmail.com,I-95 Exit 15,Times Square,2025-11-27T14:54:00,2025-11-27T15:54:00,120.69,120.7
IL-XHP6488,+1-815-299-9950,ilxhp6488@yahoo.com,Lincoln Tunnel,George Washington Bridge,2025-11-27T10:26:00,2025-11-27T11:26:00,80.0,80.47
FL-IVP5032,+1-305-441-0033,flivp5032@outlook.com,Queens Blvd,Bronx Terminal Market,2025-11-27T17:13:00,2025-11-27T17:52:00,139.59,120.7
NY-XHF9588,+1-518-882-2361,nyxhf9588@gmail.com,Staten Island Ferry,Brooklyn Bridge,2025-11-27T11:43:00,2025-11-27T12:02:00,68.15,80.47
NY-ERN6580,+1-680-372-6827,nyern6580@icloud.com,Lincoln Tunnel,Wall Street,2025-11-27T20:59:00,2025-11-27T21:32:00,86.21,96.56
NY-MOZ9291,+1-646-535-2362,nymoz9291@outlook.com,Brooklyn Bridge,Staten Island Ferry,2025-11-27T21:07:00,2025-11-27T21:45:00,125.99,112.65
IL-YBY1060,+1-708-751-8586,ilyby1060@outlook.com,Times Square,Queens Blvd,2025-11-27T15:03:00,2025-11-27T16:01:00,109.64,120.7
NY-DTW2801,+1-718-218-4778,nydtw2801@gmail.com,George Washington Bridge,Lincoln Tunnel,2025-11-27T22:26:00,2025-11-27T22:38:00,148.18,120.7
TX-FWH2391,+1-469-249-5401,txfwh2391@icloud.com,Staten Island Ferry,I-95 Exit 15,2025-11-27T21:45:00,2025-11-27T22:44:00,82.4,96.56
NY-RSQ2513,+1-917-829-9103,nyrsq2513@gmail.com,Queens Blvd,Staten Island Ferry,2025-11-27T09:39:00,2025-11-27T10:11:00,134.33,104.61
TX-OAF9238,+1-903-893-0296,txoaf9238@yahoo.com,Staten Island Ferry,Bronx Terminal Market,2025-11-27T21:31:00,2025-11-27T22:09:00,123.24,104.61
IL-PHJ8061,+1-618-587-8103,ilphj8061@gmail.com,George Washington Bridge,Manhattan Downtown,2025-11-27T20:40:00,2025-11-27T21:14:00,95.04,96.56
TX-GND8570,+1-409-468-1700,txgnd8570@icloud.com,Queens Blvd,Bronx Terminal Market,2025-11-27T12:09:00,2025-11-27T12:34:00,120.18,112.65
FL-VJB8798,+1-954-275-7280,flvjb8798@icloud.com,I-95 Exit 15,Lincoln Tunnel,2025-11-27T19:48:00,2025-11-27T20:47:00,143.61,112.65
CA-CYQ5887,+1-559-994-8152,cacyq5887@icloud.com,Lincoln Tunnel,Manhattan Downtown,2025-11-27T17:45:00,2025-11-27T18:40:00,122.04,96.56
FL-BBW1928,+1-954-835-7911,flbbw1928@gmail.com,Queens Blvd,Wall Street,2025-11-27T08:45:00,2025-11-27T09:06:00,102.07,104.61
TX-SAE2152,+1-726-399-5345,txsae2152@icloud.com,I-87 Exit 7A,Queens Blvd,2025-11-27T18:11:00,2025-11-27T18:22:00,116.75,96.56
FL-SHZ5007,+1-850-732-7846,flshz5007@outlook.com,Bronx Terminal Market,I-95 Exit 15,2025-11-27T21:58:00,2025-11-27T22:44:00,84.51,80.47
IL-FGE4366,+1-618-775-1101,ilfge4366@outlook.com,Brooklyn Bridge,I-87 Exit 7A,2025-11-27T16:15:00,2025-11-27T16:33:00,98.15,80.47
TX-GDW5771,+1-512-700-1484,txgdw5771@outlook.com,Times Square,I-87 Exit 7A,2025-11-27T18:41:00,2025-11-27T18:55:00,124.34,128.75
FL-NKH1904,+1-689-675-8614,flnkh1904@outlook.com,Staten Island Ferry,Times Square,2025-11-27T18:51:00,2025-11-27T19:33:00,96.62,96.56
CA-EFD2841,+1-909-891-1423,caefd2841@yahoo.com,Times Square,Brooklyn Bridge,2025-11-27T15:59:00,2025-11-27T16:36:00,134.63,112.65
TX-PSL8954,+1-830-333-9126,txpsl8954@yahoo.com,Queens Blvd,Brooklyn Bridge,2025-11-27T15:42:00,2025-11-27T16:35:00,114.98,120.7
IL-PYV7213,+1-779-561-1417,ilpyv7213@outlook.com,George Washington Bridge,Staten Island Ferry,2025-11-27T22:10:00,2025-11-27T22:30:00,93.41,112.65
CA-OUH4216,+1-213-652-1336,caouh4216@icloud.com,Manhattan Downtown,I-87 Exit 7A,2025-11-27T17:45:00,2025-11-27T18:40:00,133.52,104.61
CA-PTM4612,+1-424-436-4198,captm4612@icloud.com,Wall Street,Lincoln Tunnel,2025-11-27T19:58:00,2025-11-27T20:50:00,160.75,128.75
NJ-EBG6117,+1-908-729-5522,njebg6117@outlook.com,I-95 Exit 15,Wall Street,2025-11-27T07:31:00,2025-11-27T08:06:00,109.54,104.61
CA-UFI3998,+1-909-875-5063,caufi3998@icloud.com,Wall Street,George Washington Bridge,2025-11-27T11:39:00,2025-11-27T12:19:00,117.7,104.61
TX-YLU8243,+1-361-762-8373,txylu8243@yahoo.com,I-95 Exit 15,I-87 Exit 7A,2025-11-27T10:56:00,2025-11-27T11:07:00,109.77,120.7
CA-GBU4253,+1-650-806-8907,cagbu4253@icloud.com,Brooklyn Bridge,I-87 Exit 7A,2025-11-27T19:52:00,2025-11-27T20:37:00,101.1,80.47
NY-VDX4628,+1-332-278-8204,nyvdx4628@yahoo.com,Staten Island Ferry,Brooklyn Bridge,2025-11-27T08:11:00,2025-11-27T09:03:00,117.52,96.56
TX-PYC3529,+1-682-509-8128,txpyc3529@yahoo.com,I-87 Exit 7A,Lincoln Tunnel,2025-11-27T17:37:00,2025-11-27T18:35:00,91.32,104.61
CA-PXY1115,+1-657-865-6928,capxy1115@gmail.com,Lincoln Tunnel,Wall Street,2025-11-27T11:15:00,2025-11-27T12:13:00,82.36,96.56
FL-YFQ1055,+1-941-453-4818,flyfq1055@outlook.com,Times Square,Queens Blvd,2025-11-27T06:46:00,2025-11-27T07:15:00,105.34,112.65
NJ-EEJ5430,+1-862-902-2096,njeej5430@gmail.com,Staten Island Ferry,Lincoln Tunnel,2025-11-27T13:23:00,2025-11-27T13:46:00,143.31,128.75
NJ-SLJ3417,+1-551-303-6563,njslj3417@gmail.com,I-87 Exit 7A,Wall Street,2025-11-27T14:00:00,2025-11-27T14:19:00,123.27,112.65
TX-DNU7797,+1-806-776-9212,txdnu7797@icloud.com,Queens Blvd,I-87 Exit 7A,2025-11-27T17:55:00,2025-11-27T18:47:00,88.3,104.61
NJ-NHC3820,+1-856-256-6402,njnhc3820@gmail.com,George Washington Bridge,Brooklyn Bridge,2025-11-27T08:38:00,2025-11-27T09:28:00,129.2,112.65
FL-DOW2376,+1-386-546-9039,fldow2376@yahoo.com,Manhattan Downtown,Wall Street,2025-11-27T16:57:00,2025-11-27T17:41:00,110.92,80.47
NJ-JQZ4974,+1-551-307-4932,njjqz4974@outlook.com,Manhattan Downtown,I-95 Exit 15,2025-11-27T11:29:00,2025-11-27T12:26:00,125.69,128.75
NJ-MVI2869,+1-973-971-7099,njmvi2869@gmail.com,Times Square,Wall Street,2025-11-27T12:56:00,2025-11-27T13:31:00,112.53,112.65
IL-LAJ1363,+1-779-583-9468,illaj1363@gmail.com,Times Square,George Washington Bridge,2025-11-27T11:48:00,2025-11-27T12:40:00,70.54,80.47
CA-FUC3998,+1-657-804-2496,cafuc3998@outlook.com,I-95 Exit 15,I-87 Exit 7A,2025-11-27T06:34:00,2025-11-27T07:10:00,113.38,120.7
NJ-YBR6512,+1-551-323-4159,njybr6512@yahoo.com,Brooklyn Bridge,Manhattan Downtown,2025-11-27T06:24:00,2025-11-27T07:02:00,134.31,112.65
TX-CKF2862,+1-346-960-4247,txckf2862@icloud.com,I-95 Exit 15,Queens Blvd,2025-11-27T06:42:00,2025-11-27T07:01:00,88.27,96.56
FL-JDI9901,+1-754-490-1330,fljdi9901@icloud.com,George Washington Bridge,Manhattan Downtown,2025-11-27T11:24:00,2025-11-27T12:08:00,90.54,96.56
NJ-FZN7517,+1-640-463-1125,njfzn7517@yahoo.com,Brooklyn Bridge,Queens Blvd,2025-11-27T15:46:00,2025-11-27T16:22:00,89.42,96.56
NY-GKF3924,+1-718-517-9722,nygkf3924@gmail.com,Queens Blvd,Staten Island Ferry,2025-11-27T09:21:00,2025-11-27T09:33:00,74.42,80.47
CA-OUW9376,+1-714-582-3668,caouw9376@outlook.com,Bronx Terminal Market,Queens Blvd,2025-11-27T10:27:00,2025-11-27T11:26:00,106.7,128.75
IL-AZC1354,+1-217-986-7556,ilazc1354@gmail.com,Staten Island Ferry,Wall Street,2025-11-27T06:13:00,2025-11-27T06:58:00,100.71,120.7
NJ-FOJ9401,+1-640-827-6074,njfoj9401@gmail.com,I-95 Exit 15,Brooklyn Bridge,2025-11-27T15:13:00,2025-11-27T15:23:00,81.88,104.61
FL-IHN7074,+1-321-678-2818,flihn7074@outlook.com,Times Square,I-95 Exit 15,2025-11-27T16:09:00,2025-11-27T16:59:00,138.8,128.75
TX-GZW4805,+1-737-445-9489,txgzw4805@icloud.com,Brooklyn Bridge,Lincoln Tunnel,2025-11-27T21:54:00,2025-11-27T22:18:00,139.5,128.75
TX-JNV1773,+1-713-275-9426,txjnv1773@yahoo.com,Manhattan Downtown,Wall Street,2025-11-27T21:24:00,2025-11-27T21:38:00,91.69,96.56
NY-DZI6084,+1-838-463-5897,nydzi6084@gmail.com,Lincoln Tunnel,Brooklyn Bridge,2025-11-27T20:45:00,2025-11-27T21:20:00,116.97,128.75
NJ-ILY8215,+1-551-991-0243,njily8215@yahoo.com,George Washington Bridge,Bronx Terminal Market,2025-11-27T21:03:00,2025-11-27T21:41:00,84.82,96.56
IL-SAP5527,+1-331-348-6645,ilsap5527@outlook.com,George Washington Bridge,I-95 Exit 15,2025-11-27T14:06:00,2025-11-27T14:23:00,72.71,80.47
NY-HTT8655,+1-845-645-2988,nyhtt8655@gmail.com,Lincoln Tunnel,Brooklyn Bridge,2025-11-27T14:39:00,2025-11-27T15:19:00,109.86,120.7
IL-DEF7949,+1-464-444-7888,ildef7949@icloud.com,I-87 Exit 7A,Lincoln Tunnel,2025-11-27T13:47:00,2025-11-27T14:03:00,120.44,128.75
IL-ZYC7130,+1-847-290-5091,ilzyc7130@outlook.com,Wall Street,Lincoln Tunnel,2025-11-27T08:31:00,2025-11-27T08:56:00,121.58,112.65
FL-AQY2428,+1-813-627-5809,flaqy2428@outlook.com,Lincoln Tunnel,George Washington Bridge,2025-11-27T20:34:00,2025-11-27T21:26:00,98.06,96.56
CA-EFM1131,+1-818-236-0921,caefm1131@gmail.com,I-95 Exit 15,Times Square,2025-11-27T21:21:00,2025-11-27T21:53:00,93.21,96.56
NY-SKC8951,+1-631-556-6610,nyskc8951@outlook.com,Brooklyn Bridge,Times Square,2025-11-27T21:31:00,2025-11-27T21:48:00,94.29,104.61
IL-AGB9357,+1-847-443-6854,ilagb9357@gmail.com,Brooklyn Bridge,Times Square,2025-11-27T20:46:00,2025-11-27T21:05:00,157.07,128.75
FL-YOK4983,+1-321-473-9559,flyok4983@icloud.com,George Washington Bridge,Brooklyn Bridge,2025-11-27T21:03:00,2025-11-27T21:55:00,127.05,112.65
FL-JCH5493,+1-754-757-4155,fljch5493@icloud.com,Wall Street,Times Square,2025-11-27T10:17:00,2025-11-27T11:07:00,87.94,104.61
NJ-GRL8917,+1-973-864-6689,njgrl8917@icloud.com,Times Square,Wall Street,2025-11-27T10:23:00,2025-11-27T11:17:00,137.88,112.65
TX-GQE8627,+1-713-961-7488,txgqe8627@gmail.com,Bronx Terminal Market,I-95 Exit 15,2025-11-27T08:54:00,2025-11-27T09:29:00,107.69,104.61
NY-DRU9038,+1-631-511-2626,nydru9038@outlook.com,Brooklyn Bridge,Queens Blvd,2025-11-27T16:39:00,2025-11-27T17:19:00,132.78,112.65
CA-GSC3002,+1-661-846-7746,cagsc3002@yahoo.com,I-87 Exit 7A,Lincoln Tunnel,2025-11-27T21:43:00,2025-11-27T22:32:00,123.34,128.75
TX-NCM6749,+1-430-422-3603,txncm6749@yahoo.com,I-87 Exit 7A,Brooklyn Bridge,2025-11-27T07:30:00,2025-11-27T08:12:00,83.86,80.47
NJ-DOT5812,+1-551-635-8944,njdot5812@gmail.com,I-95 Exit 15,Times Square,2025-11-27T18:38:00,2025-11-27T19:14:00,98.97,120.7
CA-KWO8017,+1-650-390-1711,cakwo8017@icloud.com,Wall Street,Times Square,2025-11-27T17:41:00,2025-11-27T18:33:00,89.44,112.65
IL-IUD8258,+1-630-788-4677,iliud8258@icloud.com,Bronx Terminal Market,I-87 Exit 7A,2025-11-27T13:44:00,2025-11-27T13:57:00,120.13,120.7
FL-HYP8385,+1-727-588-2040,flhyp8385@yahoo.com,Wall Street,Staten Island Ferry,2025-11-27T08:48:00,2025-11-27T09:11:00,108.04,128.75
NY-WNM8722,+1-718-736-3439,nywnm8722@icloud.com,Lincoln Tunnel,George Washington Bridge,2025-11-27T15:27:00,2025-11-27T15:45:00,77.97,80.47
TX-VUK9632,+1-726-440-9858,txvuk9632@outlook.com,Bronx Terminal Market,I-87 Exit 7A,2025-11-27T12:38:00,2025-11-27T13:11:00,135.16,128.75
FL-BJP4840,+1-305-271-8675,flbjp4840@yahoo.com,Brooklyn Bridge,Manhattan Downtown,2025-11-27T16:12:00,2025-11-27T16:38:00,106.5,104.61
TX-KYO8549,+1-726-919-3118,txkyo8549@icloud.com,Wall Street,Bronx Terminal Market,2025-11-27T14:29:00,2025-11-27T15:08:00,136.97,112.65
NY-SXA8059,+1-516-695-5083,nysxa8059@gmail.com,Times Square,Wall Street,2025-11-27T20:51:00,2025-11-27T21:47:00,85.18,104.61
FL-ILU8101,+1-407-454-6728,flilu8101@gmail.com,Lincoln Tunnel,I-95 Exit 15,2025-11-27T08:52:00,2025-11-27T09:46:00,96.59,104.61
CA-UBN3167,+1-909-585-5892,caubn3167@outlook.com,Times Square,Brooklyn Bridge,2025-11-27T19:29:00,2025-11-27T20:23:00,124.03,112.65
NJ-XSI2472,+1-201-548-4225,njxsi2472@yahoo.com,Times Square,Wall Street,2025-11-27T15:41:00,2025-11-27T16:20:00,152.06,128.75
NY-FSI6805,+1-212-447-0614,nyfsi6805@outlook.com,I-95 Exit 15,Manhattan Downtown,2025-11-27T11:41:00,2025-11-27T12:36:00,128.84,112.65
NY-AGC6512,+1-607-671-3593,nyagc6512@icloud.com,Lincoln Tunnel,Brooklyn Bridge,2025-11-27T15:39:00,2025-11-27T16:14:00,148.32,120.7
NJ-WQT9782,+1-609-420-4643,njwqt9782@yahoo.com,Queens Blvd,Times Square,2025-11-27T12:35:00,2025-11-27T13:06:00,82.37,80.47
IL-VOL6993,+1-464-897-0026,ilvol6993@yahoo.com,Brooklyn Bridge,I-95 Exit 15,2025-11-27T14:14:00,2025-11-27T14:25:00,142.95,112.65
FL-YYH6072,+1-754-508-1379,flyyh6072@outlook.com,Queens Blvd,Times Square,2025-11-27T15:13:00,2025-11-27T16:04:00,142.97,112.65
FL-XFH5809,+1-754-572-3890,flxfh5809@icloud.com,Brooklyn Bridge,Queens Blvd,2025-11-27T15:37:00,2025-11-27T16:16:00,90.07,80.47
CA-FRR2842,+1-213-268-2782,cafrr2842@outlook.com,Staten Island Ferry,Times Square,2025-11-27T16:39:00,2025-11-27T17:32:00,80.16,96.56
FL-OZG4597,+1-448-986-2630,flozg4597@outlook.com,Times Square,George Washington Bridge,2025-11-27T19:39:00,2025-11-27T20:32:00,124.15,96.56
FL-ODK2929,+1-689-874-4932,flodk2929@outlook.com,Times Square,Bronx Terminal Market,2025-11-27T12:16:00,2025-11-27T12:32:00,98.28,104.61
IL-VHW5552,+1-464-686-8502,ilvhw5552@outlook.com,Lincoln Tunnel,Staten Island Ferry,2025-11-27T15:25:00,2025-11-27T16:02:00,80.92,104.61
CA-NHO4805,+1-562-242-2700,canho4805@icloud.com,Staten Island Ferry,George Washington Bridge,2025-11-27T08:06:00,2025-11-27T08:56:00,80.43,96.56
CA-UZJ2727,+1-310-526-9166,cauzj2727@icloud.com,I-87 Exit 7A,Lincoln Tunnel,2025-11-27T21:46:00,2025-11-27T22:13:00,89.6,104.61
NY-EXN5443,+1-585-367-0508,nyexn5443@gmail.com,Times Square,George Washington Bridge,2025-11-27T09:46:00,2025-11-27T10:38:00,147.58,120.7
NY-YTG3043,+1-718-412-2648,nyytg3043@gmail.com,Brooklyn Bridge,I-95 Exit 15,2025-11-27T15:01:00,2025-11-27T15:50:00,126.47,96.56
IL-SIW5137,+1-815-814-7379,ilsiw5137@icloud.com,Queens Blvd,Wall Street,2025-11-27T17:13:00,2025-11-27T17:30:00,80.85,96.56
TX-TZA7553,+1-469-714-4981,txtza7553@outlook.com,I-87 Exit 7A,Staten Island Ferry,2025-11-27T11:58:00,2025-11-27T12:26:00,121.11,120.7
NY-NXI4166,+1-838-633-1363,nynxi4166@outlook.com,Queens Blvd,Manhattan Downtown,2025-11-27T16:26:00,2025-11-27T16:57:00,123.59,128.75
CA-XTK6923,+1-805-746-9180,caxtk6923@icloud.com,Brooklyn Bridge,Manhattan Downtown,2025-11-27T16:28:00,2025-11-27T17:02:00,133.17,112.65
NY-GUC1338,+1-332-483-9764,nyguc1338@gmail.com,Staten Island Ferry,Lincoln Tunnel,2025-11-27T22:29:00,2025-11-27T23:08:00,107.22,112.65
FL-NZN2247,+1-305-772-2444,flnzn2247@yahoo.com,Bronx Terminal Market,Times Square,2025-11-27T15:55:00,2025-11-27T16:41:00,110.67,128.75
IL-LPR1424,+1-331-867-9365,illpr1424@gmail.com,Wall Street,I-87 Exit 7A,2025-11-27T22:33:00,2025-11-27T22:45:00,98.64,112.65
CA-FEN3366,+1-442-630-4633,cafen3366@icloud.com,Bronx Terminal Market,Lincoln Tunnel,2025-11-27T09:33:00,2025-11-27T10:10:00,140.59,128.75
TX-VYI1448,+1-346-225-6554,txvyi1448@icloud.com,I-87 Exit 7A,Wall Street,2025-11-27T21:18:00,2025-11-27T21:42:00,100.73,80.47
TX-LDV1313,+1-817-303-3601,txldv1313@yahoo.com,Bronx Terminal Market,I-87 Exit 7A,2025-11-27T17:52:00,2025-11-27T18:06:00,123.67,104.61
IL-HMI5924,+1-618-700-4797,ilhmi5924@gmail.com,Brooklyn Bridge,Bronx Terminal Market,2025-11-27T11:02:00,2025-11-27T11:39:00,147.89,128.75
NY-VCK2655,+1-845-902-1620,nyvck2655@icloud.com,Brooklyn Bridge,Queens Blvd,2025-11-27T16:45:00,2025-11-27T17:09:00,93.94,96.56
FL-ATH7728,+1-727-611-7395,flath7728@icloud.com,Bronx Terminal Market,I-87 Exit 7A,2025-11-27T18:19:00,2025-11-27T18:51:00,102.55,80.47
TX-KVR3191,+1-432-998-1052,txkvr3191@icloud.com,Wall Street,Queens Blvd,2025-11-27T11:04:00,2025-11-27T11:37:00,135.48,104.61
IL-JGO1666,+1-872-374-2998,iljgo1666@outlook.com,Brooklyn Bridge,Bronx Terminal Market,2025-11-27T12:51:00,2025-11-27T13:39:00,106.64,128.75
IL-ADJ5381,+1-779-875-4394,iladj5381@icloud.com,Lincoln Tunnel,Staten Island Ferry,2025-11-27T13:56:00,2025-11-27T14:26:00,85.87,104.61
TX-DFF2336,+1-713-529-5777,txdff2336@icloud.com,George Washington Bridge,I-95 Exit 15,2025-11-27T14:50:00,2025-11-27T15:08:00,126.94,120.7
CA-IYE9899,+1-805-899-1417,caiye9899@outlook.com,Manhattan Downtown,George Washington Bridge,2025-11-27T10:46:00,2025-11-27T11:14:00,126.43,120.7
FL-RPI1259,+1-305-339-5450,flrpi1259@icloud.com,Lincoln Tunnel,Staten Island Ferry,2025-11-27T15:20:00,2025-11-27T16:13:00,102.68,96.56
NY-RWS8277,+1-718-509-4816,nyrws8277@gmail.com,Staten Island Ferry,Bronx Terminal Market,2025-11-27T10:56:00,2025-11-27T11:28:00,76.74,80.47
NY-SXT1206,+1-718-552-5830,nysxt1206@gmail.com,I-95 Exit 15,Lincoln Tunnel,2025-11-27T16:54:00,2025-11-27T17:18:00,79.17,96.56
TX-SXG5480,+1-214-213-0316,txsxg5480@icloud.com,Lincoln Tunnel,I-87 Exit 7A,2025-11-27T11:16:00,2025-11-27T11:56:00,108.52,104.61
NY-ICD7336,+1-646-299-5360,nyicd7336@outlook.com,Wall Street,Bronx Terminal Market,2025-11-27T19:17:00,2025-11-27T20:06:00,102.76,120.7
NJ-ODM8778,+1-640-541-6232,njodm8778@gmail.com,Lincoln Tunnel,I-87 Exit 7A,2025-11-27T17:56:00,2025-11-27T18:22:00,136.56,104.61
CA-PBV9721,+1-657-756-2126,capbv9721@gmail.com,Manhattan Downtown,George Washington Bridge,2025-11-27T19:49:00,2025-11-27T20:44:00,110.52,120.7
TX-WWN9829,+1-469-460-8054,txwwn9829@outlook.com,Staten Island Ferry,George Washington Bridge,2025-11-27T11:41:00,2025-11-27T12:36:00,137.03,112.65
NJ-PZN3489,+1-908-513-8348,njpzn3489@yahoo.com,Queens Blvd,George Washington Bridge,2025-11-27T11:46:00,2025-11-27T12:12:00,97.83,96.56
FL-PNL9342,+1-407-969-5763,flpnl9342@yahoo.com,Wall Street,Queens Blvd,2025-11-27T12:45:00,2025-11-27T13:37:00,134.59,128.75
FL-DSE9675,+1-561-849-8962,fldse9675@gmail.com,I-87 Exit 7A,Bronx Terminal Market,2025-11-27T08:21:00,2025-11-27T09:08:00,105.12,104.61
TX-HHA5576,+1-254-470-3241,txhha5576@yahoo.com,Staten Island Ferry,Bronx Terminal Market,2025-11-27T19:40:00,2025-11-27T20:16:00,93.25,96.56
TX-THU6259,+1-737-628-3203,txthu6259@outlook.com,I-87 Exit 7A,Queens Blvd,2025-11-27T17:36:00,2025-11-27T18:00:00,85.8,96.56
FL-IWH3104,+1-448-278-7893,fliwh3104@icloud.com,Brooklyn Bridge,Staten Island Ferry,2025-11-27T18:19:00,2025-11-27T19:06:00,140.08,112.65
FL-WYK9268,+1-954-269-3473,flwyk9268@icloud.com,Brooklyn Bridge,Bronx Terminal Market,2025-11-27T22:03:00,2025-11-27T22:38:00,117.55,112.65
TX-ILI4588,+1-737-763-6807,txili4588@outlook.com,Manhattan Downtown,I-95 Exit 15,2025-11-27T20:57:00,2025-11-27T21:21:00,105.18,128.75
CA-HFN3038,+1-909-631-5429,cahfn3038@icloud.com,Bronx Terminal Market,Lincoln Tunnel,2025-11-27T15:29:00,2025-11-27T15:39:00,136.04,104.61
TX-WHM3591,+1-432-258-0679,txwhm3591@icloud.com,Times Square,George Washington Bridge,2025-11-27T19:07:00,2025-11-27T19:31:00,58.66,80.47
IL-ZNP7306,+1-309-634-1498,ilznp7306@outlook.com,Lincoln Tunnel,Bronx Terminal Market,2025-11-27T22:13:00,2025-11-27T22:34:00,146.6,128.75
IL-VOU8328,+1-847-974-9080,ilvou8328@yahoo.com,Manhattan Downtown,Lincoln Tunnel,2025-11-27T17:09:00,2025-11-27T18:03:00,111.2,104.61
NJ-RMP8286,+1-732-891-0954,njrmp8286@gmail.com,I-95 Exit 15,I-87 Exit 7A,2025-11-27T09:54:00,2025-11-27T10:32:00,153.87,128.75
FL-SOQ8844,+1-305-895-5189,flsoq8844@icloud.com,Staten Island Ferry,I-87 Exit 7A,2025-11-27T16:12:00,2025-11-27T16:39:00,126.76,104.61
TX-OST9673,+1-737-231-6357,txost9673@gmail.com,Manhattan Downtown,I-87 Exit 7A,2025-11-27T22:21:00,2025-11-27T22:38:00,95.18,80.47
NJ-NJX8789,+1-973-626-4684,njnjx8789@icloud.com,Brooklyn Bridge,I-87 Exit 7A,2025-11-27T08:27:00,2025-11-27T09:17:00,101.3,112.65
IL-OPT3254,+1-464-848-3976,ilopt3254@gmail.com,Lincoln Tunnel,Queens Blvd,2025-11-27T22:10:00,2025-11-27T22:57:00,101.45,96.56
TX-FWN7790,+1-469-732-8727,txfwn7790@gmail.com,Lincoln Tunnel,Wall Street,2025-11-27T16:07:00,2025-11-27T16:33:00,119.9,128.75
CA-NNS6485,+1-805-576-0242,canns6485@outlook.com,Bronx Terminal Market,I-87 Exit 7A,2025-11-27T14:42:00,2025-11-27T15:18:00,98.14,120.7
NJ-QQP8274,+1-908-966-9258,njqqp8274@yahoo.com,Bronx Terminal Market,Times Square,2025-11-27T06:58:00,2025-11-27T07:23:00,64.85,80.47
NJ-WYC1901,+1-732-734-5760,njwyc1901@icloud.com,George Washington Bridge,Queens Blvd,2025-11-27T12:27:00,2025-11-27T12:56:00,144.62,120.7
IL-ZSB1014,+1-815-977-6813,ilzsb1014@yahoo.com,Queens Blvd,Bronx Terminal Market,2025-11-27T06:16:00,2025-11-27T06:52:00,141.26,128.75
FL-SNS9229,+1-321-423-6695,flsns9229@yahoo.com,Wall Street,Lincoln Tunnel,2025-11-27T11:42:00,2025-11-27T12:29:00,127.39,96.56
IL-XOF1697,+1-447-938-3866,ilxof1697@icloud.com,Manhattan Downtown,Bronx Terminal Market,2025-11-27T12:56:00,2025-11-27T13:08:00,136.74,112.65
NY-XCC2701,+1-212-549-9923,nyxcc2701@outlook.com,Brooklyn Bridge,George Washington Bridge,2025-11-27T21:59:00,2025-11-27T22:25:00,86.83,96.56
CA-ZKP4831,+1-310-780-0177,cazkp4831@outlook.com,Lincoln Tunnel,Brooklyn Bridge,2025-11-27T10:56:00,2025-11-27T11:06:00,126.27,112.65
TX-RWM2895,+1-512-402-6201,txrwm2895@outlook.com,Brooklyn Bridge,Queens Blvd,2025-11-27T07:39:00,2025-11-27T08:17:00,75.52,80.47
NY-QKC8103,+1-332-501-8109,nyqkc8103@yahoo.com,Manhattan Downtown,Bronx Terminal Market,2025-11-27T15:05:00,2025-11-27T16:02:00,108.51,128.75
FL-YHJ7984,+1-954-492-3103,flyhj7984@outlook.com,I-95 Exit 15,Wall Street,2025-11-27T09:33:00,2025-11-27T09:58:00,112.57,120.7
CA-HHF8532,+1-909-569-7924,cahhf8532@yahoo.com,Lincoln Tunnel,Staten Island Ferry,2025-11-27T16:28:00,2025-11-27T16:41:00,90.64,80.47
CA-HMV8776,+1-510-771-2276,cahmv8776@outlook.com,Times Square,Brooklyn Bridge,2025-11-27T22:36:00,2025-11-27T22:50:00,108.7,120.7
NY-VJT5003,+1-516-678-3599,nyvjt5003@outlook.com,Staten Island Ferry,Lincoln Tunnel,2025-11-27T07:17:00,2025-11-27T07:47:00,89.97,96.56
FL-RRO9532,+1-448-201-7081,flrro9532@gmail.com,Brooklyn Bridge,Wall Street,2025-11-27T08:49:00,2025-11-27T09:12:00,103.32,112.65
NJ-FRI6362,+1-609-758-8799,njfri6362@icloud.com,Staten Island Ferry,Manhattan Downtown,2025-11-27T17:08:00,2025-11-27T17:19:00,112.0,120.7
TX-PTF2131,+1-713-528-8957,txptf2131@yahoo.com,Queens Blvd,Lincoln Tunnel,2025-11-27T17:20:00,2025-11-27T17:54:00,119.79,96.56
FL-JPQ3313,+1-863-497-4538,fljpq3313@yahoo.com,Staten Island Ferry,Bronx Terminal Market,2025-11-27T18:18:00,2025-11-27T18:31:00,91.02,112.65
NJ-OHA3771,+1-640-419-9830,njoha3771@outlook.com,Lincoln Tunnel,Queens Blvd,2025-11-27T15:57:00,2025-11-27T16:20:00,120.85,104.61
FL-VPM9710,+1-386-431-3396,flvpm9710@outlook.com,Manhattan Downtown,I-87 Exit 7A,2025-11-27T19:15:00,2025-11-27T19:46:00,110.71,112.65
